Algoritmo,Cantidad de Iteraciones,Hora de inicio,Fecha de inicio,Hora de finalización,Tiempo de ejecución
DA-BA,20,17:21:35.532253,2024-02-29,17:21:39.775491,0 days 00:00:04.243238
0
8
6
7
5
4
3
2
1
0
0
8
6
6
6
6
6
6
6
6
6
6
6
6
6
6
6
6
6
6
6
0,1,2,3,4
0.048,0.047,0.07,0.087,0.19
0.053,0.052,0.066,0.081,0.058
0.057,0.057,0.066,0.076,0.022
0.062,0.062,0.063,0.058,0.007
0.066,0.066,0.07,0.085,0.004
0.07,0.071,0.066,0.058,0.003
0.075,0.075,0.066,0.047,0.002
0.079,0.079,0.066,0.035,0.002
0.083,0.083,0.066,0.051,0.0
alpha,gamma,No. de iteraciones
0.9,0.9,20
0
0.4
0.2
0.03
0.07
0.3
0
0.013588005932768881
0.1162288201111751
0.08048126619372521
0.12211263336618483
0.09678353643503865
0.09752510914127127
0.09738317967699572
0.018166029774868062
0.06624882865988244
0
0.013588005932768881
0.1162288201111751
0.08048126619372521
0.12211263336618483
0.09678353643503865
0.09752510914127127
0.09738317967699572
0.018166029774868062
0.06624882865988244
0
0.6935679749921128
1.1310855408468314
1.289789992819315
0.9018603635019478
1.043538331327587
1.13057311442923
0.7240073343017321
0.7716800849275264
0.6705629032347659
0
0.6935679749921128
1.1310855408468314
1.289789992819315
0.9018603635019478
1.043538331327587
1.13057311442923
0.7240073343017321
0.7716800849275264
0.6705629032347659
C1,C2,C3,C4,C5
0.0,0.0,0.0,0.0,0.0
0.426,0.982,0.414,0.951,0.926
0.369,0.425,0.957,0.578,0.632
0.556,0.976,0.257,0.654,0.904
0.53,0.062,0.018,0.865,0.267
0.942,0.416,0.184,0.674,0.335
0.732,0.073,0.224,0.806,0.881
0.829,0.724,0.221,0.866,0.929
0.656,0.587,0.846,0.658,0.601
0.844,0.42,0.888,0.54,0.678
0.014,0.566,0.228,0.501,0.735
0.556,0.152,0.808,0.104,0.624
0.807,0.893,0.714,0.52,0.134
0.464,0.765,0.721,0.884,0.921
0.493,0.733,0.828,0.913,0.805
0.676,0.557,0.96,0.671,0.25
0.993,0.567,0.539,0.212,0.478
0.528,0.55,0.828,0.766,0.875
0.561,0.054,0.558,0.458,0.628
0.705,0.81,0.294,0.201,0.665
0.456,0.69,0.478,0.929,0.905
0
0.7088534181682877
0.9113559451697821
0.7472660239859878
0.43941334074583105
0.9914054078887272
0.7471082984353353
0.06487870495508019
0.2985502399718043
0.8161418099114327
C1,C2,C3,C4,C5
0.048,0.047,0.07,0.087,0.19
0.053,0.052,0.066,0.081,0.058
0.057,0.057,0.066,0.076,0.022
0.062,0.062,0.063,0.058,0.007
0.066,0.066,0.07,0.085,0.004
0.07,0.071,0.066,0.058,0.003
0.075,0.075,0.066,0.047,0.002
0.079,0.079,0.066,0.035,0.002
0.083,0.083,0.066,0.051,0.0
0.465,0.462,0.391,0.441,0.6
0.468,0.558,0.187,0.522,0.652
0.591,0.369,0.17,0.684,0.409
0.786,0.159,0.256,0.709,0.735
0.412,0.86,0.755,0.404,0.682
0.646,0.979,0.282,0.572,0.394
0.497,0.177,0.316,0.954,0.024
0.298,0.358,0.29,0.963,0.069
0.239,0.857,0.199,0.385,0.71
1.045,1.249,0.847,1.166,1.566
1.047,1.53,0.358,1.411,1.85
1.341,0.962,0.317,1.894,1.175
1.809,0.331,0.528,1.986,2.144
0.898,2.417,1.725,1.059,1.992
1.462,2.767,0.587,1.581,1.15
1.095,0.371,0.669,2.72,0.068
0.609,0.907,0.607,2.758,0.2
0.461,2.391,0.387,1.037,2.077
1.607,2.409,1.473,0.993,3.479
1.608,2.995,0.231,1.543,4.174
2.182,1.806,0.127,2.627,2.641
3.095,0.486,0.665,2.839,4.865
1.311,4.844,3.706,0.754,4.518
2.413,5.573,0.814,1.932,2.59
1.693,0.565,1.022,4.486,0.112
0.741,1.684,0.865,4.575,0.414
0.449,4.784,0.305,0.716,4.714
2.358,4.435,2.868,-0.178,7.548
2.358,5.575,-0.315,0.995,9.093
3.424,3.26,-0.582,3.306,5.733
5.119,0.69,0.798,3.761,10.618
1.804,9.172,8.593,-0.687,9.856
3.85,10.59,1.18,1.828,5.624
2.512,0.841,1.713,7.273,0.184
0.742,3.019,1.311,7.464,0.847
0.199,9.053,-0.125,-0.763,10.287
3.023,9.969,4.56,-6.222,18.274
3.022,12.775,-1.382,-3.659,22.066
5.173,7.075,-1.881,1.391,13.841
8.592,0.747,0.696,2.386,25.803
1.903,21.631,15.248,-7.334,23.937
6.031,25.122,1.409,-1.837,13.576
3.331,1.117,2.404,10.06,0.256
-0.241,6.48,1.654,10.478,1.879
-1.337,21.337,-1.027,-7.498,24.993
3.972,24.412,6.984,-21.092,45.353
3.97,31.623,-3.244,-15.463,54.82
8.402,16.974,-4.104,-4.371,34.295
15.445,0.712,0.333,-2.185,64.148
1.663,54.381,25.381,-23.534,59.491
10.169,63.352,1.56,-11.46,33.634
4.605,1.662,3.273,14.67,0.393
-2.755,15.445,1.982,15.588,4.443
-5.013,53.625,-2.633,-23.893,62.126
4.586,40.266,9.475,-66.896,84.436
4.581,52.329,-5.223,-53.332,102.106
13.643,27.822,-6.46,-26.603,63.801
28.043,0.618,-0.083,-21.336,119.516
-0.136,90.4,35.912,-72.78,110.824
17.256,105.407,1.68,-43.685,62.567
5.879,2.207,4.142,19.28,0.53
-9.17,25.265,2.287,21.492,8.088
-13.787,89.135,-4.345,-73.645,115.742
5.19,58.513,12.078,-183.255,145.958
5.179,76.176,-7.355,-150.023,176.549
23.674,40.292,-8.991,-84.536,110.237
53.063,0.459,-0.559,-71.632,206.69
-4.448,131.921,47.031,-197.67,191.642
31.048,153.894,1.771,-126.387,108.1
7.828,2.786,5.027,27.878,0.704
-22.886,36.548,2.574,33.297,13.788
-32.309,130.068,-6.194,-199.789,200.156
3.309,99.942,15.978,-441.918,256.14
3.282,130.553,-11.765,-366.619,309.9
48.632,68.364,-14.101,-218.236,193.367
120.694,-0.668,-2.063,-188.998,362.869
-20.324,227.162,65.879,-474.579,336.424
66.713,265.242,1.263,-313.064,189.611
9.777,3.365,5.912,36.476,0.878
-65.535,61.876,2.41,48.754,23.871
-88.64,223.95,-10.108,-479.381,351.386
-2.829,181.788,21.893,-1017.224,451.893
-2.897,238.081,-19.265,-849.106,546.832
112.027,123.716,-22.731,-517.817,341.039
294.645,-3.232,-4.872,-452.538,640.373
-62.719,415.743,95.924,-1090.144,593.672
157.848,485.772,0.062,-729.536,334.406
13.562,4.185,6.96,50.869,1.11
-177.292,111.785,1.764,78.281,41.715
-235.844,409.836,-16.807,-1100.866,620.094
-20.965,276.599,31.153,-2453.413,1044.786
-21.124,362.683,-32.639,-2056.973,1264.545
247.498,187.794,-38.012,-1275.759,788.188
674.349,-6.337,-10.331,-1121.824,1481.068
-160.952,634.368,145.897,-2625.365,1372.967
354.6,741.458,-2.684,-1775.014,772.835
17.347,5.005,8.008,65.262,1.342
-428.754,169.549,-0.046,129.902,95.332
-565.613,625.335,-28.83,-2650.649,1434.127
-64.375,391.296,45.832,-5908.053,2557.158
-64.741,513.455,-54.883,-4963.761,3095.344
554.21,265.275,-63.367,-3102.963,1928.753
1537.749,-10.21,-19.663,-2736.301,3625.606
-386.929,898.996,226.992,-6317.631,3360.868
800.992,1050.965,-7.59,-4292.154,1891.154
23.903,5.885,9.291,91.256,1.778
-1003.991,239.385,-3.425,245.224,231.959
-1319.338,886.178,-48.87,-6377.856,3510.648
-180.967,785.031,68.587,-14558.095,6443.478
-181.844,1031.708,-91.309,-12248.194,7800.066
1300.547,530.554,-104.779,-7696.361,4859.478
3656.127,-25.736,-35.394,-6799.442,9136.68
-953.486,1810.236,356.199,-15559.993,8469.364
1891.591,2117.11,-16.227,-10605.327,4764.703
30.459,6.765,10.574,117.25,2.214
-2431.352,478.275,-9.614,493.882,582.424
-3186.61,1784.353,-81.764,-15707.314,8846.909
-467.396,1742.868,104.446,-35894.475,16314.137
-469.511,2292.657,-149.968,-30218.591,19749.398
3105.222,1175.693,-171.4,-19033.835,12303.006
8785.619,-64.156,-61.0,-16829.927,23134.078
-2330.298,4027.826,562.073,-38356.337,21444.247
4530.503,4711.782,-30.503,-26181.741,12063.009
42.45,8.282,12.141,165.755,3.055
-5894.119,1059.175,-19.981,1091.214,1472.309
-7715.397,3970.139,-134.781,-38718.334,22400.297
-1088.284,3718.907,218.395,-80958.486,35987.756
-1093.024,4894.534,-345.771,-68181.888,43566.282
6919.075,2506.102,-393.297,-43004.639,27138.805
19650.63,-145.097,-148.483,-38043.571,51033.221
-5263.633,8604.888,1233.189,-86500.218,47305.286
10113.578,10067.409,-80.856,-59094.807,26609.347
54.441,9.799,13.708,214.26,3.896
-13251.275,2256.949,-57.523,2297.498,3245.216
-17333.332,8481.535,-312.094,-87315.085,49414.427
-2450.934,7873.083,506.835,-179402.248,77288.18
-2461.408,10364.641,-844.368,-151117.934,93564.665
15243.994,5302.731,-958.195,-95381.562,58283.19
43378.607,-316.071,-371.854,-84398.952,109601.494
-11677.758,18228.158,2937.312,-191670.309,101594.966
22303.313,21327.744,-209.884,-131001.323,57146.066
74.298,12.206,16.601,294.681,5.242
-29329.115,4774.691,-154.001,4906.469,6966.662
-38349.78,17966.731,-763.71,-193474.229,106124.792
-5944.88,15328.827,1230.603,-374882.352,170986.436
-5969.928,20182.771,-2107.505,-315816.792,206996.337
36372.136,10321.38,-2388.712,-199423.656,128940.024
103655.421,-624.921,-940.173,-176488.895,242476.026
-28010.618,35502.128,7235.026,-400501.495,224762.479
53254.337,41540.605,-540.031,-273807.681,126424.264
94.155,14.613,19.494,375.102,6.588
-70223.436,9292.677,-401.974,10005.806,15407.951
-91796.15,34992.827,-1908.242,-404268.584,234784.212
-14519.012,29217.552,3032.405,-772958.054,380609.942
-14579.775,38472.538,-5256.848,-651215.845,460767.971
88135.653,19669.882,-5955.147,-411313.652,287014.64
251354.703,-1201.364,-2358.107,-364041.969,539745.75
-68047.147,67681.865,17942.701,-825762.616,500315.399
129089.314,79195.394,-1364.467,-564629.314,281414.559
130.771,18.031,24.956,498.95,8.847
-170449.044,17708.461,-1021.642,20349.151,34292.277
-222781.178,66710.784,-4762.035,-833527.102,522623.774
-23298.241,59633.206,5519.905,-1558535.715,869975.253
-23395.57,78527.556,-9610.442,-1313124.01,1053197.561
141131.238,40141.332,-10885.045,-829521.762,656038.514
402571.12,-2467.985,-4319.379,-734230.043,1233722.098
-109038.167,138159.332,32735.622,-1664980.782,1143593.635
206729.711,161664.57,-2505.691,-1138580.207,643238.052
167.387,21.449,30.418,622.798,11.106
-273062.769,36137.028,-1879.934,40637.447,78374.924
-356886.973,136176.839,-8707.262,-1680632.672,1194585.307
-32405.476,123791.049,9260.253,-3125189.743,1998765.872
-32540.734,163018.965,-16160.907,-2633157.278,2419720.856
196100.83,83322.57,-18302.423,-1663570.249,1507244.193
559421.702,-5141.691,-7271.159,-1472517.342,2834477.685
-151557.552,286824.775,54986.575,-3338604.294,2627406.69
287262.493,335625.687,-4223.903,-2283209.758,1477835.011
204.516,26.802,37.125,808.694,15.025
-379501.204,75008.947,-3172.541,81035.13,180056.638
-495991.016,282708.779,-14643.435,-3369985.185,2744560.538
-59643.867,206761.058,20452.888,-5016947.608,4374777.02
-59892.257,272285.183,-35799.382,-4227123.007,5296140.59
359988.773,139164.765,-40538.156,-2670714.146,3298960.873
1027197.039,-8601.008,-16128.032,-2364030.549,6203937.972
-278456.647,479083.51,121636.684,-5359526.757,5750712.144
527399.51,560597.835,-9385.026,-3665377.228,3234591.641
241.645,32.155,43.832,994.59,18.944
-697056.019,125278.152,-7058.558,129776.362,394084.319
-910979.775,472208.38,-32441.5,-5409900.261,6007132.169
-120157.959,321154.674,48141.46,-7430552.128,9480639.653
-120657.586,422934.675,-84393.755,-6260793.633,11477342.677
723916.763,216155.93,-95558.716,-3955696.418,7149219.762
2065980.219,-13371.752,-38046.352,-3501487.037,13444646.178
-560291.349,744158.865,286539.237,-7937924.107,12462452.6
1060656.944,870776.78,-22159.247,-5428828.034,7009724.079
299.418,38.322,55.958,1199.819,25.308
-1402287.691,194585.562,-16677.887,191930.231,854011.239
-1832587.0,733479.581,-76482.294,-8012529.068,13018144.898
-277881.154,722305.192,110163.08,-13708667.66,15856904.608
-279035.217,951230.61,-193285.223,-11550700.854,19196505.291
1671803.95,486140.119,-218848.153,-7298264.733,11957470.708
4771767.805,-30117.692,-87169.721,-6460340.69,22486933.581
-1294522.8,1673733.865,655990.851,-14644665.899,20844158.313
2449622.901,1958525.168,-50795.124,-10015893.324,11724156.152
357.191,44.489,68.084,1405.048,31.672
-3239407.16,437623.657,-38245.181,353263.914,1428372.274
-4233333.564,1649713.826,-175171.4,-14782296.896,21773585.652
-660096.071,1768440.025,250801.185,-27115914.281,24357991.389
-662835.898,2328941.258,-440222.294,-22847596.425,29487996.223
3968595.294,1190213.213,-498435.125,-14436554.615,18368019.338
11328130.379,-73792.953,-198572.225,-12779195.408,34542466.693
-3073675.781,4097918.985,1493779.979,-28967257.864,32018977.849
5815192.909,4795202.309,-115738.674,-19811847.048,18009621.758
461.587,56.163,88.868,1716.996,38.889
-7690969.837,1071425.456,-87159.488,697670.926,2194131.802
-10050621.944,4039108.296,-398972.84,-29239483.016,33446683.492
-1348809.741,4167388.512,572202.871,-64495146.951,55292752.423
-1354406.612,5488249.004,-1004623.713,-54343285.06,66937895.86
8106600.678,2804756.45,-1137457.896,-34338276.601,41695477.962
23140531.272,-173962.788,-453209.377,-30396376.691,78411575.812
-6279228.501,9656969.164,3408520.398,-68898423.605,72683240.167
11878798.25,11300166.252,-264193.882,-47122991.387,40881913.186
565.983,67.837,109.652,2028.944,46.106
-15711356.695,2524824.764,-198979.86,1657301.212,4980650.903
-20531613.082,9518377.648,-910497.771,-69545889.947,75924141.011
-2663585.307,9754346.246,1306098.753,-158889607.35,137152102.622
-2674636.17,12846024.273,-2293422.903,-133879955.513,166037561.767
16005854.6,6564895.407,-2596651.884,-84596552.927,103424435.972
45689924.499,-407257.121,-1034674.564,-74885472.793,194497710.437
-12398557.422,22603557.789,7780739.95,-169737313.637,180288730.862
23453951.803,26449714.413,-603196.953,-116092377.937,101406410.842
718.819,88.442,145.421,2616.654,59.97
-31022027.236,5909672.052,-454328.785,4080467.945,12354313.669
-40539486.866,22279162.936,-2078555.669,-171332381.416,188327696.584
-5291862.807,22491174.95,3121323.994,-398352668.265,329418847.156
-5313815.738,29619870.506,-5481296.665,-335651414.354,398797416.621
31795640.462,15137037.869,-6205994.041,-212093871.08,248410016.664
90764096.126,-939135.752,-2472970.699,-187747394.56,467154453.688
-24630729.53,52118489.445,18595291.772,-425548760.025,433026601.625
46591549.217,60986838.411,-1441767.51,-291056494.549,243563020.95
871.655,109.047,181.19,3204.364,73.834
-61626911.582,13626244.126,-1085982.353,10226712.907,29673150.663
-80533682.053,51370509.828,-4967778.07,-429547726.123,452334999.631
-10529383.049,51713970.064,7520885.093,-1001514104.311,786867715.375
-10573060.843,68105016.992,-13207804.474,-843875003.505,952589143.579
63260322.694,34804564.261,-14954019.673,-533235282.534,593365612.495
180584612.765,-2159465.717,-5959006.981,-472025076.565,1115870483.882
-49006205.674,119836209.036,44806624.773,-1069888613.321,1034350838.42
92698426.017,140227250.136,-3474241.974,-731757579.689,581787814.647
1099.839,144.755,246.576,4328.653,98.859
-122614217.716,31330788.316,-2616949.718,25707557.748,70878825.665
-160231336.87,118116375.596,-11970441.122,-1079942533.785,1080471929.105
-22885509.723,109741365.875,19140259.168,-2276694408.876,1441033487.723
-22980438.569,144524577.314,-33614041.291,-1918341624.534,1744528131.717
137488239.576,73858152.318,-38058140.904,-1212180473.094,1086662586.735
392479584.142,-4582698.715,-15165926.678,-1073034489.471,2043554110.332
-106510620.345,254302616.432,114032080.843,-2432126630.682,1894262760.105
201468695.313,297574159.558,-8842225.446,-1663470905.326,1065459537.291
1328.023,180.463,311.962,5452.942,123.884
-266489478.517,66486500.969,-6660425.525,58435269.312,129804182.369
-348246118.902,250652981.942,-30464964.364,-2454981686.143,1978726816.141
-50712984.461,228894621.85,49134045.331,-5079539566.323,2455457607.287
-50923336.259,301444246.571,-86289994.46,-4280018380.151,2972599128.069
304657462.92,154050650.588,-97698314.116,-2704501665.626,1851625182.944
869690010.908,-9558575.526,-38932372.699,-2394052949.338,3482126239.65
-236016957.86,530415500.552,292728097.809,-5426324521.757,3227740347.102
446431059.149,620669795.225,-22698982.059,-3711376112.963,1815496119.543
1710.459,236.06,440.119,7331.629,155.165
-590512370.287,138675114.033,-17098146.549,130370142.058,221180559.951
-771676020.803,522803218.601,-78206090.108,-5477316454.429,3371663382.498
-128900151.255,477830994.568,105610844.703,-8959248666.136,4643590388.965
-129434805.34,629282669.788,-185476491.867,-7549060586.665,5621572433.469
774349848.458,321589733.895,-209998115.861,-4770178765.576,3501664542.431
2210500920.02,-19954298.506,-83683604.829,-4222612188.77,6585154637.352
-599889833.016,1107273839.639,629204322.27,-9570904765.75,6104077745.845
1134697766.234,1295685070.939,-48790727.226,-6546094610.854,3433339772.768
2092.895,291.657,568.276,9210.316,186.446
-1500915744.238,289492382.908,-36752005.787,229941930.615,418281171.021
-1961381909.847,1091382746.361,-168100535.644,-9660843865.359,6376254971.52
-335086866.731,997697407.36,219011652.146,-14738320037.475,9051359302.399
-336476734.609,1313924232.929,-384635055.614,-12418505191.857,10957657287.898
2012969935.029,671470062.474,-435487139.279,-7847135318.133,6825499479.031
5746337544.226,-41664242.585,-173540537.186,-6946366766.527,12835886877.539
-1559455010.843,2311956311.955,1304821439.21,-15744518374.387,11898164232.933
2949717656.704,2705353648.029,-101180911.592,-10768586720.551,6692319763.207
2855.09,378.777,765.51,11487.285,232.679
-3901730150.703,604451699.046,-76215433.368,378259854.157,815320107.67
-5098741733.855,2278776157.462,-348601407.116,-15892471730.05,12428696362.76
-718200955.328,2066297185.873,513753473.724,-31806953356.78,21379067401.838
-721179887.239,2721223915.854,-902272079.252,-26800533573.272,25881692065.644
4314436639.808,1390658717.086,-1021560147.862,-16935006323.64,16121646256.189
12316238884.296,-86289728.413,-407089668.175,-14991047086.704,30318019931.978
-3342413941.883,4788214547.519,3060830073.974,-33978441857.065,28103144220.243
6322186962.426,5602966523.208,-237349524.598,-23239825057.45,15807079342.858
3617.285,465.897,962.744,13764.254,278.912
-8362659584.227,1251859241.332,-178785873.62,816316026.723,1925763934.936
-10928238700.826,4719496246.84,-817744877.522,-34297741739.22,29356246867.821
-1480526655.826,4271360208.289,1233882537.703,-73239721746.639,52413459274.291
-1486667527.819,5625196544.171,-2166991018.353,-61711779471.074,63452207197.234
8893924382.918,2874709457.768,-2453485592.717,-38995100972.316,39524233303.918
25389112847.787,-178374773.195,-977709678.255,-34518878274.557,74328420223.304
-6890168941.725,9897990575.891,7351205376.146,-78239860601.515,68898375196.671
13032769476.821,11582210777.824,-570044177.813,-53512778187.616,38753033143.916
4781.919,600.933,1323.288,17785.381,365.599
-17239074785.71,2587789158.023,-429391651.072,1879661476.499,4721251001.677
-22527847209.321,9755939063.653,-1963981740.358,-78975090719.893,71970513178.631
-3073430492.899,6707076649.502,2642517319.326,-148216290842.163,116363503341.403
-3086178334.162,8832929753.423,-4640891684.09,-124887028512.332,140870708219.091
18462901022.188,4513994476.719,-5254456736.703,-78914960012.017,87748038636.911
52705276436.23,-280092088.18,-2093892427.196,-69856363857.862,165017068185.269
-14303311400.531,15542258062.911,15743552539.813,-158335143647.163,152961785567.012
27054732985.056,18186894381.992,-1220824220.642,-108294591873.415,86035891529.757
5946.553,735.969,1683.832,21806.508,452.286
-35786613624.633,4063459656.797,-919598708.217,3803883736.807,10481683467.875
-46765580684.902,15319202557.453,-4206121152.708,-159823039395.982,159782261536.025
-6390531519.145,9504975197.338,5525676026.738,-291075929289.102,253389827277.32
-6417037868.626,12517641136.909,-9704410647.944,-245260544757.943,306756013772.941
38389562452.249,6397035164.962,-10987415478.164,-154977878882.926,191077612004.288
109589097422.741,-396934408.377,-4378467888.907,-137188072233.772,359336434737.987
-29740614237.691,22025807452.878,32920801282.301,-310947930628.916,333085197043.84
56254399015.251,25773670250.337,-2552824916.984,-212675336782.943,187349289566.689
7764.547,878.297,2245.56,27669.311,593.412
-74410445389.632,5758556944.588,-1922942582.942,7470276602.868,22824612922.302
-97238807607.37,21709702956.905,-8795276906.664,-313869948261.135,347937269908.447
-14212962740.394,20001902943.597,10033382825.816,-492441835084.682,558920385958.036
-14271914574.477,26341641129.871,-17621027002.488,-414931436061.432,676634068091.178
85380859937.14,13461673625.404,-19950675030.4,-262191356970.835,421473796959.898
243733226618.279,-835294310.78,-7950313570.151,-232094588690.202,792614529996.847
-66145055586.429,46350260168.256,59776764941.591,-526061257228.613,734710264160.203
125113410877.192,54237118310.034,-4635356799.114,-359803829947.374,413249964770.85
9582.541,1020.625,2807.288,33532.114,734.538
-165493646628.327,12118084646.075,-3491632237.247,12638189504.574,50345909575.441
-216265399367.039,45685062040.029,-15970244731.374,-531004722288.308,767470562375.367
-32055538167.626,46700371362.749,17490903515.489,-792788555293.815,1236133000906.227
-32188496529.34,61502369726.608,-30718225955.958,-668003551574.8,1496473777295.429
192565658203.709,31430267011.003,-34779433701.768,-422105303371.413,932150056499.221
549709275105.698,-1950243316.335,-13859552101.214,-373652123034.894,1752981287308.991
-149181766597.605,108218422908.501,104207096833.514,-846912902092.793,1624917656548.482
282177371933.548,126632631489.438,-8080684240.378,-579252898492.759,913961866153.007
12682.221,1278.239,3534.164,40573.34,969.513
-373249874213.998,28293260199.462,-6086862429.497,20346372935.168,111347235701.629
-487759103154.476,106665320664.156,-27840465167.303,-854871451056.962,1697371778427.287
-64515444782.388,105622095140.213,33309074396.235,-1829635881063.535,3032045980797.144
-64783038684.675,139099732552.72,-58498738605.706,-1541651004193.79,3670622254074.634
387560390828.077,71085743752.209,-66232763371.911,-974155114296.667,2286422116292.93
1106352747258.223,-4410861092.146,-26393658225.988,-862332517371.635,4299796108758.363
-300245368960.382,244757296573.627,198448419322.526,-1954546670693.811,3985675527235.728
567914208808.509,286404659514.569,-15388580437.873,-1336827947430.55,2241809255526.226
15781.901,1535.853,4261.04,47614.566,1204.488
-751208050224.345,63990784408.493,-11591614552.377,46956299129.9,273117809260.382
-981670963763.447,241244649664.566,-53018429642.533,-1972913795550.167,4163394453078.493
-126394400001.012,237423063682.439,65048981149.051,-4566214978033.912,7571960572432.066
-126918652263.315,312675909958.224,-114241649998.312,-3847492277401.444,9166683869913.973
759282655886.955,159790382800.454,-129345355623.158,-2431195064096.157,5709906190454.331
2167493066377.405,-9914973903.523,-51543934672.115,-2152119858039.258,10737926407756.645
-588220865352.186,550178703992.571,387548084558.375,-4877954334062.014,9953469749193.898
1112619919117.057,643795901722.768,-30052219774.002,-3336316197223.955,5598494020273.27
20295.035,1971.221,5335.363,61197.091,1652.115
-1471717102920.086,143841948977.399,-22637160120.624,117188589523.676,682059999322.371
-1923224789631.643,542282786051.542,-103539205176.224,-4923793093802.109,10397289106888.326
    Solución ideal
-21897794276.866
286674858361.455
137505075.373
-2890877461326.453
6646421101987.444
    Índice de similitud
2.509
2.824
4.259
4.343
6.312
6.381
0.0
2.211
9.858
Índice de similitud
0.0
2.211
2.509
2.824
4.259
4.343
6.312
6.381
9.858
Puntuación Global,Alternativa
0.0,6
2.211,7
2.509,0
2.824,1
4.259,2
4.343,3
6.312,4
6.381,5
9.858,8
Puntuación Global,Alternativa
0.0,6
2.211,7
2.509,0
2.824,1
4.259,2
4.343,3
6.312,4
6.381,5
9.858,8
C1,C2,C3,C4,C5
0.432,0.45,0.319,0.32,0.234
0.428,0.536,0.121,0.412,0.54
0.545,0.338,0.104,0.584,0.367
0.733,0.118,0.194,0.644,0.722
0.353,0.811,0.683,0.287,0.674
0.582,0.92,0.216,0.507,0.388
0.425,0.11,0.25,0.911,0.02
0.221,0.283,0.224,0.943,0.065
0.156,0.774,0.133,0.334,0.71
0.417,0.415,0.321,0.354,0.41
0.415,0.506,0.121,0.441,0.594
0.534,0.312,0.104,0.608,0.387
0.724,0.097,0.193,0.651,0.728
0.346,0.794,0.685,0.319,0.678
0.576,0.908,0.216,0.514,0.391
0.422,0.102,0.25,0.907,0.022
0.219,0.279,0.224,0.928,0.067
0.156,0.774,0.133,0.334,0.71
0.58,0.787,0.456,0.725,0.966
0.579,0.972,0.171,0.889,1.198
0.75,0.593,0.147,1.21,0.766
1.023,0.172,0.272,1.277,1.409
0.486,1.557,0.97,0.655,1.31
0.816,1.788,0.305,1.009,0.756
0.598,0.194,0.353,1.766,0.044
0.311,0.549,0.317,1.795,0.131
0.222,1.534,0.188,0.652,1.367
0.562,1.16,0.626,-0.173,1.913
0.561,1.465,-0.127,0.132,2.324
0.841,0.844,-0.19,0.733,1.466
1.286,0.155,0.137,0.853,2.721
0.413,2.427,1.981,-0.305,2.526
0.951,2.806,0.227,0.351,1.44
0.598,0.194,0.353,1.766,0.044
0.132,0.777,0.258,1.817,0.214
-0.012,2.393,-0.082,-0.321,2.637
0.751,2.026,1.395,-1.171,4.069
0.75,2.58,-0.546,-0.548,4.919
1.242,1.454,-0.709,0.679,3.092
2.024,0.204,0.133,0.922,5.753
0.493,4.328,4.887,-1.441,5.338
1.437,5.017,0.366,-0.104,3.034
0.819,0.276,0.691,2.787,0.072
0.001,1.335,0.446,2.889,0.433
-0.25,4.269,-0.43,-1.479,5.573
0.665,5.534,1.692,-6.044,10.726
0.664,7.2,-1.067,-4.654,12.973
1.749,3.815,-1.299,-1.915,8.108
3.473,0.057,-0.102,-1.375,15.185
0.099,12.459,6.655,-6.647,14.081
2.181,14.532,0.229,-3.665,7.952
0.819,0.276,0.691,2.787,0.072
-0.983,3.461,0.343,3.014,1.032
-1.536,12.284,-0.902,-6.735,14.706
0.949,14.443,2.424,-14.87,27.079
0.948,18.848,-1.862,-11.804,32.754
3.229,9.899,-2.223,-5.762,20.454
6.853,-0.035,-0.363,-4.571,38.345
-0.24,32.75,10.133,-16.2,35.554
4.138,38.23,0.151,-9.623,20.058
1.274,0.545,0.869,4.61,0.137
-2.514,8.965,0.328,5.11,2.564
-3.676,32.288,-1.606,-16.395,37.133
0.614,15.854,2.491,-45.804,39.083
0.611,20.706,-1.979,-37.869,47.286
5.241,10.848,-2.356,-22.232,29.506
12.598,-0.094,-0.416,-19.151,55.368
-1.799,36.019,10.531,-49.246,51.333
7.087,42.055,0.12,-32.225,28.933
1.274,0.545,0.869,4.61,0.137
-6.415,9.82,0.305,5.904,3.645
-8.774,35.51,-1.712,-49.752,53.616
0.604,18.247,2.603,-116.359,61.522
0.598,23.847,-2.132,-96.691,74.443
10.031,12.47,-2.531,-57.933,46.436
25.02,-0.159,-0.476,-50.296,87.174
-4.312,41.521,11.119,-124.89,80.818
13.792,48.487,0.091,-82.702,45.533
1.949,0.579,0.885,8.598,0.174
-13.716,11.283,0.287,11.805,5.7
-18.522,40.933,-1.849,-126.144,84.414
-1.881,41.429,3.9,-258.663,110.182
-1.897,54.377,-4.41,-216.596,133.351
24.958,28.072,-5.11,-133.7,83.13
67.631,-1.127,-1.504,-117.366,156.179
-15.876,95.241,18.848,-276.909,144.782
35.665,111.348,-0.508,-186.677,81.511
1.949,0.579,0.885,8.598,0.174
-42.649,25.328,-0.164,15.457,10.083
-56.331,93.882,-3.914,-279.592,151.23
-6.138,81.846,5.915,-575.306,195.753
-6.179,107.528,-7.5,-482.487,236.932
63.395,55.352,-8.63,-299.581,147.672
173.951,-2.564,-2.809,-263.54,277.504
-42.395,188.581,30.045,-615.565,257.248
91.135,220.53,-1.201,-416.472,144.795
3.785,0.82,1.048,14.393,0.232
-111.757,49.909,-0.646,29.527,17.844
-147.204,185.886,-6.699,-621.485,268.708
-18.136,94.811,9.26,-1436.189,592.893
-18.227,124.602,-13.374,-1207.867,717.713
135.471,64.078,-15.281,-757.942,447.149
379.704,-3.105,-5.459,-669.286,840.695
-98.233,218.625,49.973,-1535.221,779.295
196.752,255.686,-2.746,-1045.478,438.429
3.785,0.82,1.048,14.393,0.232
-251.462,57.764,-1.81,51.621,53.617
-329.769,215.499,-12.023,-1549.783,814.033
-43.41,114.697,14.679,-3454.64,1512.372
-43.617,150.772,-22.244,-2906.788,1830.799
306.712,77.481,-25.355,-1827.204,1140.565
863.4,-3.873,-9.332,-1614.477,2144.538
-225.977,264.628,81.095,-3692.266,1987.901
446.392,309.507,-4.906,-2517.14,1118.319
6.556,0.88,1.283,25.994,0.436
-575.237,69.836,-3.379,115.322,136.627
-753.725,260.843,-20.04,-3727.207,2076.521
-116.592,393.735,22.755,-8650.042,3886.32
-117.103,518.253,-36.426,-7284.433,4704.722
746.337,265.279,-41.412,-4593.398,2930.725
2118.378,-15.526,-15.731,-4063.141,5511.074
-566.557,911.24,129.207,-9242.362,5108.496
1090.599,1066.145,-8.637,-6313.173,2873.549
6.556,0.88,1.283,25.994,0.436
-1427.361,238.89,-6.189,248.658,350.465
-1867.272,898.175,-32.894,-9329.458,5336.261
-286.429,957.837,35.859,-21336.38,9870.659
-287.667,1260.949,-58.659,-17970.397,11949.332
1804.675,645.139,-66.621,-11337.474,7443.528
5129.492,-38.42,-25.606,-10030.485,13997.398
-1376.812,2217.59,205.874,-22796.344,12974.883
2638.912,2594.672,-14.276,-15576.414,7298.306
11.991,1.517,1.567,48.505,0.841
-3462.767,580.9,-10.367,597.332,889.885
-4528.787,2185.786,-53.017,-23011.02,13553.388
-620.888,1976.039,113.949,-45064.011,19673.619
-623.513,2601.877,-195.803,-37963.297,23816.884
3813.853,1330.409,-221.897,-23970.804,14835.799
10865.011,-80.941,-87.483,-21213.644,27899.143
-2933.335,4577.062,671.116,-48143.881,25861.039
5583.075,5355.627,-50.353,-32913.066,14546.338
11.991,1.517,1.567,48.505,0.841
-7357.156,1197.774,-37.542,1206.284,1772.907
-9617.935,4511.396,-177.313,-48596.751,27014.13
-1362.65,4154.176,288.44,-98443.762,41300.424
-1368.384,5470.107,-498.597,-82936.046,49998.383
8324.919,2796.629,-564.898,-52376.923,31144.385
23727.977,-170.974,-223.371,-46355.381,58568.273
-6414.125,9623.27,1704.123,-105170.091,54289.68
12189.735,11260.335,-129.028,-71906.516,30536.719
19.857,2.407,2.893,80.421,1.346
-16077.84,2517.742,-96.478,2608.971,3721.446
-21016.448,9485.196,-451.616,-106159.144,56710.365
-3493.946,7455.744,723.768,-195480.104,93698.256
-3508.52,9818.13,-1263.137,-164698.858,113431.672
21128.142,5018.649,-1430.517,-104042.094,70656.834
60276.814,-308.85,-568.319,-92089.943,132874.532
-16332.86,17273.97,4297.714,-208831.186,123167.513
30951.024,20212.861,-330.147,-142806.358,69278.198
19.857,2.407,2.893,80.421,1.346
-40894.321,4517.986,-247.973,5099.337,8441.289
-53446.37,17026.096,-1144.532,-210794.355,128659.42
-8574.132,13888.725,1801.802,-398075.702,209623.506
-8609.847,18289.767,-3149.343,-335399.053,253771.634
51763.517,9348.502,-3566.435,-211889.996,158074.616
147699.282,-576.443,-1417.934,-187553.074,297269.724
-40036.529,32179.737,10707.675,-425261.121,275552.92
75834.977,37654.789,-824.436,-290821.633,154990.295
36.616,3.418,5.462,123.848,2.259
-100225.608,8415.784,-619.668,10343.345,18884.326
-130985.028,31717.957,-2853.793,-429258.518,287839.562
-8779.229,30415.654,2487.5,-785577.661,489365.311
-8815.795,40055.018,-4353.594,-661908.165,592429.59
52995.585,20471.45,-4929.898,-418208.11,369023.874
151216.417,-1266.621,-1961.272,-370188.074,693976.348
-40991.02,70477.467,14792.921,-839218.166,643278.236
77640.397,82469.176,-1141.224,-573950.893,361823.493
36.616,3.418,5.462,123.848,2.259
-102613.725,18428.567,-858.292,20288.296,44082.647
-134105.795,69466.055,-3945.227,-847105.57,671961.533
-9107.235,64157.843,3740.348,-1566654.028,1128790.619
-9145.164,84491.409,-6550.465,-1320033.268,1366523.295
54969.592,43181.238,-7417.378,-834048.487,851205.679
156850.582,-2673.706,-2951.78,-738287.299,1600755.587
-42519.385,148665.443,22250.953,-1673623.512,1483813.055
80532.782,173961.117,-1718.212,-1144629.551,834596.959
37.129,5.353,6.707,185.896,3.919
-106438.435,38871.919,-1292.607,40397.683,101681.714
-139104.043,146531.94,-5936.173,-1689352.513,1549975.231
-27238.391,82970.009,11192.635,-1891757.865,2376011.148
-27351.523,109266.218,-19638.475,-1593965.729,2876419.734
163887.943,55842.195,-22235.733,-1007143.897,1791716.68
467775.337,-3459.317,-8856.873,-891513.207,3369460.287
-126899.095,192258.735,66650.109,-2020922.463,3123305.454
240137.017,224972.148,-5161.123,-1382167.47,1756756.63
37.129,5.353,6.707,185.896,3.919
-317554.815,50269.205,-3886.017,48741.232,214027.681
-414988.759,189499.601,-17798.065,-2039915.076,3262571.631
-60514.092,114393.616,27688.572,-2413604.52,5105862.633
-60765.329,150649.492,-48594.373,-2033670.626,6181202.087
363927.99,76991.165,-55020.56,-1284982.272,3850258.889
1038783.18,-4770.744,-21918.32,-1137456.488,7240708.206
-281834.702,265075.355,164902.553,-2578397.35,6711740.456
533257.434,310178.945,-12774.221,-1763450.806,3775132.438
57.773,6.167,12.126,205.229,6.364
-705231.672,69307.41,-9619.329,62153.869,459926.92
-921607.225,261271.201,-44040.794,-2602628.807,7011012.729
-157723.195,401150.518,62021.62,-6278115.532,6376264.955
-158377.631,528295.935,-108891.468,-5289907.221,7719162.614
947887.187,269984.189,-123289.437,-3342568.315,4808250.946
2705787.586,-16745.94,-49123.369,-2958853.653,9042287.403
-734231.451,929575.0,369451.614,-6706741.792,8381705.713
1388965.957,1087748.388,-28635.877,-4587065.29,4714432.073
57.773,6.167,12.126,205.229,6.364
-1837119.469,243038.095,-21567.294,161333.683,574361.035
-2400746.564,916234.245,-98689.106,-6769767.828,8755440.754
-382214.917,1046134.833,140638.105,-13407246.621,8501086.781
-383800.681,1377710.648,-246937.071,-11296895.571,10291490.932
2296791.344,704073.094,-279586.972,-7138289.882,6410548.63
6556362.574,-43675.261,-111402.504,-6318854.718,12055533.112
-1779152.981,2424185.12,837789.128,-14322591.965,11174819.536
3365570.008,2836677.141,-64943.55,-9795953.724,6285465.606
104.396,11.674,20.784,311.948,7.217
-4451562.677,633801.799,-48914.307,344407.012,765759.528
-5817288.38,2389394.47,-223801.44,-14457186.12,11673097.84
-688713.67,2398948.487,321401.686,-37379232.67,30934761.034
-691570.714,3159307.746,-564401.419,-31495688.635,37449899.637
4138005.384,1614543.237,-639022.771,-19901721.986,23327458.624
11812400.893,-100169.835,-254637.152,-17617181.283,43869109.119
-3205552.72,5559050.179,1914740.419,-39931165.741,40664262.318
6063605.341,6504963.943,-148455.208,-27311144.339,22872291.428
104.396,11.674,20.784,311.948,7.217
-8020386.858,1453399.308,-111820.372,959630.286,2786519.101
-10480991.138,5479269.352,-511524.931,-40306406.931,42477457.519
-1314775.566,5586957.734,733895.882,-94394460.399,81859350.199
-1320229.558,7357775.269,-1288799.19,-79536670.453,99099665.907
7899253.922,3760138.957,-1459193.988,-50258276.326,61728958.01
22549393.227,-233294.333,-581465.187,-44489096.102,116086134.625
-6119328.921,12946588.625,4372219.552,-100838890.032,107605490.695
11575153.553,15149548.161,-339003.071,-68969386.55,60524497.656
152.836,20.605,35.769,587.71,13.864
-15310670.541,3384847.288,-255348.925,2423166.733,7373662.766
-20007873.784,12760785.288,-1168057.898,-101786491.469,112403555.573
-2628277.5,12736828.704,1815225.241,-239463060.915,192266744.534
-2639179.568,16773846.233,-3187873.762,-201771458.841,232759854.854
15789785.862,8572142.462,-3609342.157,-127497318.153,144985580.692
45074171.627,-531878.631,-1438296.135,-112861921.767,272656743.251
-12232172.108,29514931.656,10814551.822,-255811446.388,252737870.763
23137597.414,34537123.998,-838570.557,-174964116.612,142156610.108
152.836,20.605,35.769,587.71,13.864
-30604884.346,7716572.074,-631653.568,6146244.962,17318836.994
-39994195.187,29091346.892,-2889222.401,-258215344.707,264007303.047
-5237520.242,29222795.114,4399561.099,-603161436.046,457448868.219
-5259245.105,38485146.486,-7726507.809,-508223589.151,553791726.958
31464682.232,19667526.392,-8748025.632,-321141411.454,344955595.831
89820516.639,-1220329.965,-3486036.282,-284277682.005,648716030.194
-24375476.144,67717719.591,26211333.001,-644339853.296,601324236.795
46106876.8,79240411.725,-2032474.464,-440701085.14,338224793.697
228.184,35.708,65.386,1124.289,25.025
-60987306.134,17704544.19,-1530967.365,15480844.841,41205675.002
-79697654.817,66745865.768,-7002663.052,-650394807.662,628136929.474
-12356126.674,58027395.811,11619374.075,-1275180304.565,654165772.348
-12407377.726,76419560.322,-20406236.817,-1074466621.029,791938988.138
74227916.882,39053588.057,-23104121.231,-678945190.56,493296974.24
211894971.377,-2423232.998,-9206919.697,-601009412.906,927683626.45
-57504414.671,134466407.396,69225456.07,-1362238017.361,859911921.685
108770269.296,157346909.422,-5367983.472,-931713325.637,483671722.644
228.184,35.708,65.386,1124.289,25.025
-143875260.801,35155712.653,-4043475.807,32727711.564,58925356.704
-188014782.032,132536606.346,-18494523.242,-1375039152.358,898254887.036
-27827474.738,119153255.975,29993786.163,-2802845157.447,1014424119.564
-27942897.69,156919669.257,-52675953.169,-2361676755.617,1228070996.352
167169223.344,80192498.27,-59640173.212,-1492321192.532,764962596.209
477210426.766,-4975876.811,-23766446.021,-1321018459.867,1438572129.318
-129506337.515,276112884.12,178696016.966,-2994197891.075,1333477586.997
244962363.836,323095635.667,-13856756.613,-2047905207.637,750036582.252
382.436,55.597,128.157,1878.687,31.281
-324022891.77,72188613.064,-10437721.024,71934872.746,91376377.582
-423429901.901,272150236.659,-47741125.744,-3022334768.286,1392936566.357
-78187166.794,248936372.718,56476799.372,-3879709099.813,2188132781.678
-78511469.081,327838423.217,-99186497.407,-3269042206.514,2648973305.4
469692385.538,167539083.307,-112299801.745,-2065677099.95,1650039359.487
1340810909.112,-10395722.98,-44751232.13,-1828559239.432,3103028397.702
-363872875.156,576858339.087,336476224.461,-4144580243.993,2876337398.743
688266707.085,675015275.714,-26091745.167,-2834718497.891,1617843653.225
382.436,55.597,128.157,1878.687,31.281
-910403373.951,150817268.875,-19653859.238,99571788.557,197100611.07
-1189705889.044,568579527.76,-89894445.536,-4183527410.93,3004591589.022
-206186715.476,519866412.792,113400807.443,-5779071371.339,4407768913.434
-207041929.269,684641563.141,-199158563.747,-4869444605.192,5336084854.429
1238620086.571,349880328.579,-225489023.418,-3076956552.557,3323834936.6
3535836624.206,-21709944.079,-89856932.357,-2723754577.757,6250732240.187
-959565177.827,1204682472.316,675617116.94,-6173613608.637,5794086487.088
1815019890.47,1409668577.09,-52390184.366,-4222492109.697,3258979990.439
762.195,87.12,197.234,2276.969,46.233
-2400814406.465,314959316.138,-39463427.581,148317923.542,397038936.649
-3137359824.008,1187393411.101,-180500871.472,-6231627864.691,6052441391.24
-383114088.597,1068599778.513,294741821.578,-17068633319.305,12327708099.439
-384703152.63,1407299682.925,-517637023.638,-14382028381.415,14924034777.746
2301466704.779,719188654.612,-586073008.583,-9087871005.507,9296146777.158
6569901340.07,-44625485.828,-233549130.989,-8044680320.177,17482133054.439
-1782958931.04,2476258235.564,1756008634.764,-18233923482.678,16204979987.31
3372469305.722,2897612875.179,-136168613.006,-12471238336.899,9114759579.651
762.195,87.12,197.234,2276.969,46.233
-4460929433.524,647407542.286,-102570440.252,438056172.566,1110443827.266
-5829496966.971,2440720089.378,-469143470.406,-18405270009.17,16927550505.061
-762325700.498,2205063022.416,720129063.979,-41432768389.859,31034391872.453
-765487640.58,2903972628.317,-1264718939.101,-34911245897.802,37570515131.59
4579487743.11,1484050740.682,-1431925444.855,-22060094648.676,23402587047.729
13072873963.491,-92085044.782,-570620010.08,-19527831187.853,44010400291.326
-3547754999.842,5109776028.372,4290375302.172,-44261418744.45,40795230976.428
6710582514.395,5979244254.616,-332694653.215,-30272953130.166,22945953801.058
1164.634,135.036,360.544,4021.127,86.687
-8876415201.483,1335929916.691,-250605777.452,1063345449.776,2795487066.741
-11599608508.495,5036442816.813,-1146236862.836,-44677348980.673,42614266310.81
-1592903837.073,2435716441.213,1408634781.623,-74976569095.524,63950044067.112
-1599510806.343,3207733209.252,-2473900665.737,-63175249041.258,77418501021.857
9568976639.27,1639285018.951,-2800971143.986,-39919859039.701,48223805332.993
27316163588.443,-101717314.985,-1116182748.941,-35337485583.305,90688647961.965
-7413142458.806,5644267487.02,8392347163.667,-80095283045.648,84063410370.341
14021963508.235,6604683604.168,-650780042.829,-54781813685.799,47282858385.841
1164.634,135.036,360.544,4021.127,86.687
-18547538838.923,1475670498.774,-490207057.145,1924222260.308,5760432466.198
-24237733475.581,5563263493.8,-2242139412.35,-80847948676.089,87811748357.394
-3317101026.246,2797898547.836,2883158707.412,-142859638446.939,137026323935.917
-3330859534.464,3684711383.486,-5063518963.854,-120373516245.611,165885305553.85
19926661430.061,1883040688.243,-5732958741.461,-76062918870.909,103329573367.377
56883820986.511,-116842320.197,-2284575461.711,-67331708375.91,194319366552.718
-15437302837.16,6483549389.967,17177248742.488,-152612786981.753,180123411476.828
29199666030.195,7586775868.345,-1332000696.342,-104380744909.528,101313398036.932
1817.994,142.328,561.728,5862.803,141.126
-38623831764.999,1695097287.791,-1003343874.725,3666392866.061,12342929454.427
-50473226922.468,6390500399.452,-4589155753.956,-154046908865.153,188155008372.422
-7822431221.249,10496927746.259,4507706799.078,-201365905795.58,305530558680.716
-7854876705.851,13823999992.962,-7916616354.544,-169670891303.489,369878054318.237
46991297484.891,7064638460.442,-8963259552.236,-107213478087.909,230396184955.61
134144129195.538,-438359902.403,-3571845681.244,-94906516456.43,433278095258.86
-36404441348.738,24324452715.378,26855963659.29,-215113326599.697,401625067116.363
68859011861.941,28463448059.697,-2082531882.13,-147128493164.431,225900675204.161
1817.994,142.328,561.728,5862.803,141.126
-91083201238.695,6359527701.487,-1568689654.305,5167912901.706,27521296653.139
-119026591759.669,23975359083.124,-7174967824.71,-217134774027.173,419533292466.92
-17842575427.232,26698468419.152,7457520689.673,-300346720209.133,677212614948.191
-17916581954.863,35160728596.737,-13097198953.47,-253072115513.368,819839709204.251
107184798266.569,17968593385.599,-14828758671.368,-159913946400.578,510676259539.323
305976048487.419,-1114949005.555,-5909238531.063,-141557534344.692,960366757312.144
-83036711011.176,61868162740.245,44430331891.923,-320851644864.18,890207392388.279
157063961056.356,72395513179.404,-3445327441.264,-219449068545.385,500711901382.157
3099.68,257.614,726.876,7041.226,234.975
-207756227585.671,16175175553.387,-2595230192.25,7708183430.594,61001326126.188
-271493703787.437,60980258624.127,-11870220435.929,-323866728768.654,929901216051.92
-32459906614.762,58921723777.464,15818170880.746,-1036847325769.72,1795912979890.917
-32594542155.335,77597362826.112,-27780512649.748,-873647452618.99,2174148476779.205
194994732624.368,39655476741.206,-31453329670.143,-552049810925.254,1354272059793.709
556643472152.525,-2460617775.811,-12534106124.774,-488680394336.741,2546814821449.372
-151063602362.777,136538873665.126,94241322489.012,-1107633768601.018,2360757870687.246
285736836874.961,159772028025.131,-7307896197.495,-757575048937.791,1327847389373.219
3099.68,257.614,726.876,7041.226,234.975
-377958176010.347,35697524209.031,-5504752122.88,26609926194.732,161770573558.753
-493911860608.971,134579329000.41,-25177964475.23,-1118042344493.205,2466022674651.206
-61878955218.624,131800968542.226,31739906752.816,-2736579096970.377,4539914591634.923
-62135613578.64,173576177405.504,-55742911392.606,-2305841273207.654,5496061615839.34
371722265058.878,88704639048.245,-63112592251.247,-1457039949799.49,3423484074161.401
1061140319119.182,-5504112811.377,-25150276446.127,-1289787340667.623,6438130298998.281
-287975496391.804,305421407418.944,189099665235.849,-2923407663368.202,5967794221958.17
544705710308.548,357391242208.199,-14663639336.129,-1999488249793.405,3356684764747.044
4513.134,435.368,1074.323,13582.525,447.627
-720509052695.741,79851164568.906,-11045545568.247,70232290393.776,408942190061.989
-941553825868.196,301038136386.976,-50520775533.691,-2950879298251.943,6233894653809.833
C1,C2,C3,C4,C5
0.048,0.047,0.07,0.087,0.19
0.053,0.052,0.066,0.081,0.058
0.057,0.057,0.066,0.076,0.022
0.062,0.062,0.063,0.058,0.007
0.066,0.066,0.07,0.085,0.004
0.07,0.071,0.066,0.058,0.003
0.075,0.075,0.066,0.047,0.002
0.079,0.079,0.066,0.035,0.002
0.083,0.083,0.066,0.051,0.0
0.465,0.462,0.391,0.441,0.6
0.468,0.558,0.187,0.522,0.652
0.591,0.369,0.17,0.684,0.409
0.786,0.159,0.256,0.709,0.735
0.412,0.86,0.755,0.404,0.682
0.646,0.979,0.282,0.572,0.394
0.497,0.177,0.316,0.954,0.024
0.298,0.358,0.29,0.963,0.069
0.239,0.857,0.199,0.385,0.71
1.045,1.249,0.847,1.166,1.566
1.047,1.53,0.358,1.411,1.85
1.341,0.962,0.317,1.894,1.175
1.809,0.331,0.528,1.986,2.144
0.898,2.417,1.725,1.059,1.992
1.462,2.767,0.587,1.581,1.15
1.095,0.371,0.669,2.72,0.068
0.609,0.907,0.607,2.758,0.2
0.461,2.391,0.387,1.037,2.077
1.607,2.409,1.473,0.993,3.479
1.608,2.995,0.231,1.543,4.174
2.182,1.806,0.127,2.627,2.641
3.095,0.486,0.665,2.839,4.865
1.311,4.844,3.706,0.754,4.518
2.413,5.573,0.814,1.932,2.59
1.693,0.565,1.022,4.486,0.112
0.741,1.684,0.865,4.575,0.414
0.449,4.784,0.305,0.716,4.714
2.358,4.435,2.868,-0.178,7.548
2.358,5.575,-0.315,0.995,9.093
3.424,3.26,-0.582,3.306,5.733
5.119,0.69,0.798,3.761,10.618
1.804,9.172,8.593,-0.687,9.856
3.85,10.59,1.18,1.828,5.624
2.512,0.841,1.713,7.273,0.184
0.742,3.019,1.311,7.464,0.847
0.199,9.053,-0.125,-0.763,10.287
3.023,9.969,4.56,-6.222,18.274
3.022,12.775,-1.382,-3.659,22.066
5.173,7.075,-1.881,1.391,13.841
8.592,0.747,0.696,2.386,25.803
1.903,21.631,15.248,-7.334,23.937
6.031,25.122,1.409,-1.837,13.576
3.331,1.117,2.404,10.06,0.256
-0.241,6.48,1.654,10.478,1.879
-1.337,21.337,-1.027,-7.498,24.993
3.972,24.412,6.984,-21.092,45.353
3.97,31.623,-3.244,-15.463,54.82
8.402,16.974,-4.104,-4.371,34.295
15.445,0.712,0.333,-2.185,64.148
1.663,54.381,25.381,-23.534,59.491
10.169,63.352,1.56,-11.46,33.634
4.605,1.662,3.273,14.67,0.393
-2.755,15.445,1.982,15.588,4.443
-5.013,53.625,-2.633,-23.893,62.126
4.586,40.266,9.475,-66.896,84.436
4.581,52.329,-5.223,-53.332,102.106
13.643,27.822,-6.46,-26.603,63.801
28.043,0.618,-0.083,-21.336,119.516
-0.136,90.4,35.912,-72.78,110.824
17.256,105.407,1.68,-43.685,62.567
5.879,2.207,4.142,19.28,0.53
-9.17,25.265,2.287,21.492,8.088
-13.787,89.135,-4.345,-73.645,115.742
5.19,58.513,12.078,-183.255,145.958
5.179,76.176,-7.355,-150.023,176.549
23.674,40.292,-8.991,-84.536,110.237
53.063,0.459,-0.559,-71.632,206.69
-4.448,131.921,47.031,-197.67,191.642
31.048,153.894,1.771,-126.387,108.1
7.828,2.786,5.027,27.878,0.704
-22.886,36.548,2.574,33.297,13.788
-32.309,130.068,-6.194,-199.789,200.156
3.309,99.942,15.978,-441.918,256.14
3.282,130.553,-11.765,-366.619,309.9
48.632,68.364,-14.101,-218.236,193.367
120.694,-0.668,-2.063,-188.998,362.869
-20.324,227.162,65.879,-474.579,336.424
66.713,265.242,1.263,-313.064,189.611
9.777,3.365,5.912,36.476,0.878
-65.535,61.876,2.41,48.754,23.871
-88.64,223.95,-10.108,-479.381,351.386
-2.829,181.788,21.893,-1017.224,451.893
-2.897,238.081,-19.265,-849.106,546.832
112.027,123.716,-22.731,-517.817,341.039
294.645,-3.232,-4.872,-452.538,640.373
-62.719,415.743,95.924,-1090.144,593.672
157.848,485.772,0.062,-729.536,334.406
13.562,4.185,6.96,50.869,1.11
-177.292,111.785,1.764,78.281,41.715
-235.844,409.836,-16.807,-1100.866,620.094
-20.965,276.599,31.153,-2453.413,1044.786
-21.124,362.683,-32.639,-2056.973,1264.545
247.498,187.794,-38.012,-1275.759,788.188
674.349,-6.337,-10.331,-1121.824,1481.068
-160.952,634.368,145.897,-2625.365,1372.967
354.6,741.458,-2.684,-1775.014,772.835
17.347,5.005,8.008,65.262,1.342
-428.754,169.549,-0.046,129.902,95.332
-565.613,625.335,-28.83,-2650.649,1434.127
-64.375,391.296,45.832,-5908.053,2557.158
-64.741,513.455,-54.883,-4963.761,3095.344
554.21,265.275,-63.367,-3102.963,1928.753
1537.749,-10.21,-19.663,-2736.301,3625.606
-386.929,898.996,226.992,-6317.631,3360.868
800.992,1050.965,-7.59,-4292.154,1891.154
23.903,5.885,9.291,91.256,1.778
-1003.991,239.385,-3.425,245.224,231.959
-1319.338,886.178,-48.87,-6377.856,3510.648
-180.967,785.031,68.587,-14558.095,6443.478
-181.844,1031.708,-91.309,-12248.194,7800.066
1300.547,530.554,-104.779,-7696.361,4859.478
3656.127,-25.736,-35.394,-6799.442,9136.68
-953.486,1810.236,356.199,-15559.993,8469.364
1891.591,2117.11,-16.227,-10605.327,4764.703
30.459,6.765,10.574,117.25,2.214
-2431.352,478.275,-9.614,493.882,582.424
-3186.61,1784.353,-81.764,-15707.314,8846.909
-467.396,1742.868,104.446,-35894.475,16314.137
-469.511,2292.657,-149.968,-30218.591,19749.398
3105.222,1175.693,-171.4,-19033.835,12303.006
8785.619,-64.156,-61.0,-16829.927,23134.078
-2330.298,4027.826,562.073,-38356.337,21444.247
4530.503,4711.782,-30.503,-26181.741,12063.009
42.45,8.282,12.141,165.755,3.055
-5894.119,1059.175,-19.981,1091.214,1472.309
-7715.397,3970.139,-134.781,-38718.334,22400.297
-1088.284,3718.907,218.395,-80958.486,35987.756
-1093.024,4894.534,-345.771,-68181.888,43566.282
6919.075,2506.102,-393.297,-43004.639,27138.805
19650.63,-145.097,-148.483,-38043.571,51033.221
-5263.633,8604.888,1233.189,-86500.218,47305.286
10113.578,10067.409,-80.856,-59094.807,26609.347
54.441,9.799,13.708,214.26,3.896
-13251.275,2256.949,-57.523,2297.498,3245.216
-17333.332,8481.535,-312.094,-87315.085,49414.427
-2450.934,7873.083,506.835,-179402.248,77288.18
-2461.408,10364.641,-844.368,-151117.934,93564.665
15243.994,5302.731,-958.195,-95381.562,58283.19
43378.607,-316.071,-371.854,-84398.952,109601.494
-11677.758,18228.158,2937.312,-191670.309,101594.966
22303.313,21327.744,-209.884,-131001.323,57146.066
74.298,12.206,16.601,294.681,5.242
-29329.115,4774.691,-154.001,4906.469,6966.662
-38349.78,17966.731,-763.71,-193474.229,106124.792
-5944.88,15328.827,1230.603,-374882.352,170986.436
-5969.928,20182.771,-2107.505,-315816.792,206996.337
36372.136,10321.38,-2388.712,-199423.656,128940.024
103655.421,-624.921,-940.173,-176488.895,242476.026
-28010.618,35502.128,7235.026,-400501.495,224762.479
53254.337,41540.605,-540.031,-273807.681,126424.264
94.155,14.613,19.494,375.102,6.588
-70223.436,9292.677,-401.974,10005.806,15407.951
-91796.15,34992.827,-1908.242,-404268.584,234784.212
-14519.012,29217.552,3032.405,-772958.054,380609.942
-14579.775,38472.538,-5256.848,-651215.845,460767.971
88135.653,19669.882,-5955.147,-411313.652,287014.64
251354.703,-1201.364,-2358.107,-364041.969,539745.75
-68047.147,67681.865,17942.701,-825762.616,500315.399
129089.314,79195.394,-1364.467,-564629.314,281414.559
130.771,18.031,24.956,498.95,8.847
-170449.044,17708.461,-1021.642,20349.151,34292.277
-222781.178,66710.784,-4762.035,-833527.102,522623.774
-23298.241,59633.206,5519.905,-1558535.715,869975.253
-23395.57,78527.556,-9610.442,-1313124.01,1053197.561
141131.238,40141.332,-10885.045,-829521.762,656038.514
402571.12,-2467.985,-4319.379,-734230.043,1233722.098
-109038.167,138159.332,32735.622,-1664980.782,1143593.635
206729.711,161664.57,-2505.691,-1138580.207,643238.052
167.387,21.449,30.418,622.798,11.106
-273062.769,36137.028,-1879.934,40637.447,78374.924
-356886.973,136176.839,-8707.262,-1680632.672,1194585.307
-32405.476,123791.049,9260.253,-3125189.743,1998765.872
-32540.734,163018.965,-16160.907,-2633157.278,2419720.856
196100.83,83322.57,-18302.423,-1663570.249,1507244.193
559421.702,-5141.691,-7271.159,-1472517.342,2834477.685
-151557.552,286824.775,54986.575,-3338604.294,2627406.69
287262.493,335625.687,-4223.903,-2283209.758,1477835.011
204.516,26.802,37.125,808.694,15.025
-379501.204,75008.947,-3172.541,81035.13,180056.638
-495991.016,282708.779,-14643.435,-3369985.185,2744560.538
-59643.867,206761.058,20452.888,-5016947.608,4374777.02
-59892.257,272285.183,-35799.382,-4227123.007,5296140.59
359988.773,139164.765,-40538.156,-2670714.146,3298960.873
1027197.039,-8601.008,-16128.032,-2364030.549,6203937.972
-278456.647,479083.51,121636.684,-5359526.757,5750712.144
527399.51,560597.835,-9385.026,-3665377.228,3234591.641
241.645,32.155,43.832,994.59,18.944
-697056.019,125278.152,-7058.558,129776.362,394084.319
-910979.775,472208.38,-32441.5,-5409900.261,6007132.169
-120157.959,321154.674,48141.46,-7430552.128,9480639.653
-120657.586,422934.675,-84393.755,-6260793.633,11477342.677
723916.763,216155.93,-95558.716,-3955696.418,7149219.762
2065980.219,-13371.752,-38046.352,-3501487.037,13444646.178
-560291.349,744158.865,286539.237,-7937924.107,12462452.6
1060656.944,870776.78,-22159.247,-5428828.034,7009724.079
299.418,38.322,55.958,1199.819,25.308
-1402287.691,194585.562,-16677.887,191930.231,854011.239
-1832587.0,733479.581,-76482.294,-8012529.068,13018144.898
-277881.154,722305.192,110163.08,-13708667.66,15856904.608
-279035.217,951230.61,-193285.223,-11550700.854,19196505.291
1671803.95,486140.119,-218848.153,-7298264.733,11957470.708
4771767.805,-30117.692,-87169.721,-6460340.69,22486933.581
-1294522.8,1673733.865,655990.851,-14644665.899,20844158.313
2449622.901,1958525.168,-50795.124,-10015893.324,11724156.152
357.191,44.489,68.084,1405.048,31.672
-3239407.16,437623.657,-38245.181,353263.914,1428372.274
-4233333.564,1649713.826,-175171.4,-14782296.896,21773585.652
-660096.071,1768440.025,250801.185,-27115914.281,24357991.389
-662835.898,2328941.258,-440222.294,-22847596.425,29487996.223
3968595.294,1190213.213,-498435.125,-14436554.615,18368019.338
11328130.379,-73792.953,-198572.225,-12779195.408,34542466.693
-3073675.781,4097918.985,1493779.979,-28967257.864,32018977.849
5815192.909,4795202.309,-115738.674,-19811847.048,18009621.758
461.587,56.163,88.868,1716.996,38.889
-7690969.837,1071425.456,-87159.488,697670.926,2194131.802
-10050621.944,4039108.296,-398972.84,-29239483.016,33446683.492
-1348809.741,4167388.512,572202.871,-64495146.951,55292752.423
-1354406.612,5488249.004,-1004623.713,-54343285.06,66937895.86
8106600.678,2804756.45,-1137457.896,-34338276.601,41695477.962
23140531.272,-173962.788,-453209.377,-30396376.691,78411575.812
-6279228.501,9656969.164,3408520.398,-68898423.605,72683240.167
11878798.25,11300166.252,-264193.882,-47122991.387,40881913.186
565.983,67.837,109.652,2028.944,46.106
-15711356.695,2524824.764,-198979.86,1657301.212,4980650.903
-20531613.082,9518377.648,-910497.771,-69545889.947,75924141.011
-2663585.307,9754346.246,1306098.753,-158889607.35,137152102.622
-2674636.17,12846024.273,-2293422.903,-133879955.513,166037561.767
16005854.6,6564895.407,-2596651.884,-84596552.927,103424435.972
45689924.499,-407257.121,-1034674.564,-74885472.793,194497710.437
-12398557.422,22603557.789,7780739.95,-169737313.637,180288730.862
23453951.803,26449714.413,-603196.953,-116092377.937,101406410.842
718.819,88.442,145.421,2616.654,59.97
-31022027.236,5909672.052,-454328.785,4080467.945,12354313.669
-40539486.866,22279162.936,-2078555.669,-171332381.416,188327696.584
-5291862.807,22491174.95,3121323.994,-398352668.265,329418847.156
-5313815.738,29619870.506,-5481296.665,-335651414.354,398797416.621
31795640.462,15137037.869,-6205994.041,-212093871.08,248410016.664
90764096.126,-939135.752,-2472970.699,-187747394.56,467154453.688
-24630729.53,52118489.445,18595291.772,-425548760.025,433026601.625
46591549.217,60986838.411,-1441767.51,-291056494.549,243563020.95
871.655,109.047,181.19,3204.364,73.834
-61626911.582,13626244.126,-1085982.353,10226712.907,29673150.663
-80533682.053,51370509.828,-4967778.07,-429547726.123,452334999.631
-10529383.049,51713970.064,7520885.093,-1001514104.311,786867715.375
-10573060.843,68105016.992,-13207804.474,-843875003.505,952589143.579
63260322.694,34804564.261,-14954019.673,-533235282.534,593365612.495
180584612.765,-2159465.717,-5959006.981,-472025076.565,1115870483.882
-49006205.674,119836209.036,44806624.773,-1069888613.321,1034350838.42
92698426.017,140227250.136,-3474241.974,-731757579.689,581787814.647
1099.839,144.755,246.576,4328.653,98.859
-122614217.716,31330788.316,-2616949.718,25707557.748,70878825.665
-160231336.87,118116375.596,-11970441.122,-1079942533.785,1080471929.105
-22885509.723,109741365.875,19140259.168,-2276694408.876,1441033487.723
-22980438.569,144524577.314,-33614041.291,-1918341624.534,1744528131.717
137488239.576,73858152.318,-38058140.904,-1212180473.094,1086662586.735
392479584.142,-4582698.715,-15165926.678,-1073034489.471,2043554110.332
-106510620.345,254302616.432,114032080.843,-2432126630.682,1894262760.105
201468695.313,297574159.558,-8842225.446,-1663470905.326,1065459537.291
1328.023,180.463,311.962,5452.942,123.884
-266489478.517,66486500.969,-6660425.525,58435269.312,129804182.369
-348246118.902,250652981.942,-30464964.364,-2454981686.143,1978726816.141
-50712984.461,228894621.85,49134045.331,-5079539566.323,2455457607.287
-50923336.259,301444246.571,-86289994.46,-4280018380.151,2972599128.069
304657462.92,154050650.588,-97698314.116,-2704501665.626,1851625182.944
869690010.908,-9558575.526,-38932372.699,-2394052949.338,3482126239.65
-236016957.86,530415500.552,292728097.809,-5426324521.757,3227740347.102
446431059.149,620669795.225,-22698982.059,-3711376112.963,1815496119.543
1710.459,236.06,440.119,7331.629,155.165
-590512370.287,138675114.033,-17098146.549,130370142.058,221180559.951
-771676020.803,522803218.601,-78206090.108,-5477316454.429,3371663382.498
-128900151.255,477830994.568,105610844.703,-8959248666.136,4643590388.965
-129434805.34,629282669.788,-185476491.867,-7549060586.665,5621572433.469
774349848.458,321589733.895,-209998115.861,-4770178765.576,3501664542.431
2210500920.02,-19954298.506,-83683604.829,-4222612188.77,6585154637.352
-599889833.016,1107273839.639,629204322.27,-9570904765.75,6104077745.845
1134697766.234,1295685070.939,-48790727.226,-6546094610.854,3433339772.768
2092.895,291.657,568.276,9210.316,186.446
-1500915744.238,289492382.908,-36752005.787,229941930.615,418281171.021
-1961381909.847,1091382746.361,-168100535.644,-9660843865.359,6376254971.52
-335086866.731,997697407.36,219011652.146,-14738320037.475,9051359302.399
-336476734.609,1313924232.929,-384635055.614,-12418505191.857,10957657287.898
2012969935.029,671470062.474,-435487139.279,-7847135318.133,6825499479.031
5746337544.226,-41664242.585,-173540537.186,-6946366766.527,12835886877.539
-1559455010.843,2311956311.955,1304821439.21,-15744518374.387,11898164232.933
2949717656.704,2705353648.029,-101180911.592,-10768586720.551,6692319763.207
2855.09,378.777,765.51,11487.285,232.679
-3901730150.703,604451699.046,-76215433.368,378259854.157,815320107.67
-5098741733.855,2278776157.462,-348601407.116,-15892471730.05,12428696362.76
-718200955.328,2066297185.873,513753473.724,-31806953356.78,21379067401.838
-721179887.239,2721223915.854,-902272079.252,-26800533573.272,25881692065.644
4314436639.808,1390658717.086,-1021560147.862,-16935006323.64,16121646256.189
12316238884.296,-86289728.413,-407089668.175,-14991047086.704,30318019931.978
-3342413941.883,4788214547.519,3060830073.974,-33978441857.065,28103144220.243
6322186962.426,5602966523.208,-237349524.598,-23239825057.45,15807079342.858
3617.285,465.897,962.744,13764.254,278.912
-8362659584.227,1251859241.332,-178785873.62,816316026.723,1925763934.936
-10928238700.826,4719496246.84,-817744877.522,-34297741739.22,29356246867.821
-1480526655.826,4271360208.289,1233882537.703,-73239721746.639,52413459274.291
-1486667527.819,5625196544.171,-2166991018.353,-61711779471.074,63452207197.234
8893924382.918,2874709457.768,-2453485592.717,-38995100972.316,39524233303.918
25389112847.787,-178374773.195,-977709678.255,-34518878274.557,74328420223.304
-6890168941.725,9897990575.891,7351205376.146,-78239860601.515,68898375196.671
13032769476.821,11582210777.824,-570044177.813,-53512778187.616,38753033143.916
4781.919,600.933,1323.288,17785.381,365.599
-17239074785.71,2587789158.023,-429391651.072,1879661476.499,4721251001.677
-22527847209.321,9755939063.653,-1963981740.358,-78975090719.893,71970513178.631
-3073430492.899,6707076649.502,2642517319.326,-148216290842.163,116363503341.403
-3086178334.162,8832929753.423,-4640891684.09,-124887028512.332,140870708219.091
18462901022.188,4513994476.719,-5254456736.703,-78914960012.017,87748038636.911
52705276436.23,-280092088.18,-2093892427.196,-69856363857.862,165017068185.269
-14303311400.531,15542258062.911,15743552539.813,-158335143647.163,152961785567.012
27054732985.056,18186894381.992,-1220824220.642,-108294591873.415,86035891529.757
5946.553,735.969,1683.832,21806.508,452.286
-35786613624.633,4063459656.797,-919598708.217,3803883736.807,10481683467.875
-46765580684.902,15319202557.453,-4206121152.708,-159823039395.982,159782261536.025
-6390531519.145,9504975197.338,5525676026.738,-291075929289.102,253389827277.32
-6417037868.626,12517641136.909,-9704410647.944,-245260544757.943,306756013772.941
38389562452.249,6397035164.962,-10987415478.164,-154977878882.926,191077612004.288
109589097422.741,-396934408.377,-4378467888.907,-137188072233.772,359336434737.987
-29740614237.691,22025807452.878,32920801282.301,-310947930628.916,333085197043.84
56254399015.251,25773670250.337,-2552824916.984,-212675336782.943,187349289566.689
7764.547,878.297,2245.56,27669.311,593.412
-74410445389.632,5758556944.588,-1922942582.942,7470276602.868,22824612922.302
-97238807607.37,21709702956.905,-8795276906.664,-313869948261.135,347937269908.447
-14212962740.394,20001902943.597,10033382825.816,-492441835084.682,558920385958.036
-14271914574.477,26341641129.871,-17621027002.488,-414931436061.432,676634068091.178
85380859937.14,13461673625.404,-19950675030.4,-262191356970.835,421473796959.898
243733226618.279,-835294310.78,-7950313570.151,-232094588690.202,792614529996.847
-66145055586.429,46350260168.256,59776764941.591,-526061257228.613,734710264160.203
125113410877.192,54237118310.034,-4635356799.114,-359803829947.374,413249964770.85
9582.541,1020.625,2807.288,33532.114,734.538
-165493646628.327,12118084646.075,-3491632237.247,12638189504.574,50345909575.441
-216265399367.039,45685062040.029,-15970244731.374,-531004722288.308,767470562375.367
-32055538167.626,46700371362.749,17490903515.489,-792788555293.815,1236133000906.227
-32188496529.34,61502369726.608,-30718225955.958,-668003551574.8,1496473777295.429
192565658203.709,31430267011.003,-34779433701.768,-422105303371.413,932150056499.221
549709275105.698,-1950243316.335,-13859552101.214,-373652123034.894,1752981287308.991
-149181766597.605,108218422908.501,104207096833.514,-846912902092.793,1624917656548.482
282177371933.548,126632631489.438,-8080684240.378,-579252898492.759,913961866153.007
12682.221,1278.239,3534.164,40573.34,969.513
-373249874213.998,28293260199.462,-6086862429.497,20346372935.168,111347235701.629
-487759103154.476,106665320664.156,-27840465167.303,-854871451056.962,1697371778427.287
-64515444782.388,105622095140.213,33309074396.235,-1829635881063.535,3032045980797.144
-64783038684.675,139099732552.72,-58498738605.706,-1541651004193.79,3670622254074.634
387560390828.077,71085743752.209,-66232763371.911,-974155114296.667,2286422116292.93
1106352747258.223,-4410861092.146,-26393658225.988,-862332517371.635,4299796108758.363
-300245368960.382,244757296573.627,198448419322.526,-1954546670693.811,3985675527235.728
567914208808.509,286404659514.569,-15388580437.873,-1336827947430.55,2241809255526.226
15781.901,1535.853,4261.04,47614.566,1204.488
-751208050224.345,63990784408.493,-11591614552.377,46956299129.9,273117809260.382
-981670963763.447,241244649664.566,-53018429642.533,-1972913795550.167,4163394453078.493
-126394400001.012,237423063682.439,65048981149.051,-4566214978033.912,7571960572432.066
-126918652263.315,312675909958.224,-114241649998.312,-3847492277401.444,9166683869913.973
759282655886.955,159790382800.454,-129345355623.158,-2431195064096.157,5709906190454.331
2167493066377.405,-9914973903.523,-51543934672.115,-2152119858039.258,10737926407756.645
-588220865352.186,550178703992.571,387548084558.375,-4877954334062.014,9953469749193.898
1112619919117.057,643795901722.768,-30052219774.002,-3336316197223.955,5598494020273.27
20295.035,1971.221,5335.363,61197.091,1652.115
-1471717102920.086,143841948977.399,-22637160120.624,117188589523.676,682059999322.371
-1923224789631.643,542282786051.542,-103539205176.224,-4923793093802.109,10397289106888.326
