Método,Cantidad de Iteraciones,Hora de inicio,Fecha de inicio,Hora de finalización,Tiempo de ejecución
DA-PSO,50,23:52:07.597641,2024-03-01,23:52:16.750320,0:00:09.152679
Índice de similitud,Ranking
1.0,9
1.284,8
1.311,7
1.388,6
1.4889999999999999,5
1.524,4
1.887,3
2.299,2
3.082,1
1.276,4
1.58,5
1.6280000000000001,6
1.736,3
1.851,2
1.95,8
2.168,7
2.173,1
2.192,9
1.284,4
1.6059999999999999,5
1.6600000000000001,6
1.705,3
1.9140000000000001,2
2.002,8
2.0229999999999997,1
2.238,7
2.2569999999999997,9
1.311,4
1.661,5
1.722,6
1.759,3
1.983,8
2.011,2
2.0629999999999997,1
2.1639999999999997,9
2.186,7
1.308,4
1.646,5
1.7149999999999999,6
1.788,3
1.984,8
2.0060000000000002,2
2.021,1
2.175,9
2.192,7
1.319,4
1.662,5
1.744,6
1.857,3
1.937,8
2.0540000000000003,2
2.104,9
2.129,7
2.133,1
1.322,4
1.654,5
1.763,6
1.896,3
1.931,8
2.084,2
2.0869999999999997,1
2.104,9
2.129,7
1.334,4
1.5859999999999999,5
1.759,8
1.83,6
1.927,9
1.9449999999999998,7
1.968,3
2.1550000000000002,1
2.1799999999999997,2
1.248,4
1.7029999999999998,6
1.709,5
1.772,3
1.85,1
1.9929999999999999,2
2.012,7
2.0780000000000003,8
2.326,9
1.383,4
1.5390000000000001,3
1.6019999999999999,5
1.689,6
1.834,8
1.942,2
1.976,7
2.145,1
2.1719999999999997,9
1.0,4
1.0,5
1.5979999999999999,6
1.857,8
1.88,2
1.892,3
1.9889999999999999,1
2.048,9
2.081,7
1.291,4
1.604,5
1.63,6
1.787,3
1.892,1
1.9100000000000001,2
2.04,7
2.198,8
2.246,9
1.327,4
1.518,5
1.591,3
1.675,6
1.967,8
1.984,2
2.085,9
2.218,1
2.229,7
1.0,4
1.354,5
1.706,6
1.804,9
1.892,3
2.0549999999999997,2
2.129,7
2.1950000000000003,1
2.25,8
1.23,5
1.334,4
1.6949999999999998,3
1.708,6
2.024,8
2.0380000000000003,1
2.088,2
2.2199999999999998,7
2.267,9
1.126,5
1.349,4
1.454,3
1.762,6
2.168,7
2.17,9
2.184,2
2.319,1
2.425,8
1.227,5
1.357,4
1.552,3
1.802,6
1.858,7
2.012,9
2.138,8
2.226,2
2.2640000000000002,1
1.338,5
1.369,4
1.454,3
1.782,6
2.034,9
2.0789999999999997,1
2.1710000000000003,2
2.326,7
2.423,8
1.411,3
1.411,4
1.435,5
1.83,6
1.859,9
2.225,2
2.282,8
2.292,7
2.3680000000000003,1
1.411,4
1.479,5
1.671,3
1.814,6
1.814,9
2.053,8
2.067,7
2.1879999999999997,2
2.2569999999999997,1
1.41,4
1.499,5
1.601,3
1.791,6
1.877,8
2.076,1
2.13,9
2.149,2
2.366,7
1.416,4
1.483,3
1.529,5
1.792,6
2.145,2
2.157,9
2.19,8
2.2649999999999997,7
2.3049999999999997,1
1.409,4
1.536,5
1.752,3
1.77,6
2.05,7
2.097,9
2.1109999999999998,2
2.1630000000000003,8
2.194,1
1.417,4
1.563,5
1.6840000000000002,3
1.7810000000000001,6
2.019,9
2.076,1
2.126,2
2.133,8
2.372,7
1.409,4
1.526,3
1.568,5
1.774,6
1.927,8
2.1100000000000003,2
2.253,7
2.286,1
2.3360000000000003,9
1.388,4
1.55,5
1.741,6
1.7810000000000001,3
2.0220000000000002,7
2.0549999999999997,2
2.151,1
2.218,9
2.263,8
1.397,4
1.5739999999999998,5
1.704,3
1.768,6
2.0469999999999997,1
2.083,2
2.162,9
2.234,8
2.325,7
1.411,4
1.557,3
1.603,5
1.8010000000000002,6
2.029,9
2.122,2
2.167,8
2.269,7
2.311,1
1.3940000000000001,4
1.581,5
1.77,6
1.811,3
1.8780000000000001,8
2.036,7
2.0700000000000003,2
2.173,1
2.292,9
1.392,4
1.579,5
1.696,3
1.766,6
2.024,1
2.0549999999999997,2
2.207,9
2.241,8
2.292,7
1.41,4
1.5510000000000002,3
1.6099999999999999,5
1.804,6
2.1,2
2.151,9
2.2279999999999998,8
2.2439999999999998,7
2.2880000000000003,1
1.41,4
1.608,5
1.798,6
1.83,3
1.901,9
2.052,7
2.085,2
2.113,8
2.191,1
1.408,4
1.604,5
1.709,3
1.792,6
1.8719999999999999,8
2.035,1
2.067,2
2.2720000000000002,9
2.307,7
1.416,4
1.541,3
1.613,5
1.8010000000000002,6
2.073,2
2.215,7
2.222,9
2.255,1
2.269,8
1.414,4
1.6099999999999999,5
1.794,6
1.814,3
2.0229999999999997,7
2.0620000000000003,2
2.112,9
2.167,1
2.194,8
1.431,4
1.633,5
1.729,3
1.822,6
1.9140000000000001,9
2.065,1
2.097,2
2.1319999999999997,8
2.327,7
1.43,4
1.548,3
1.629,5
1.814,6
1.893,8
2.085,2
2.214,7
2.2720000000000002,1
2.3040000000000003,9
1.416,4
1.607,5
1.783,6
1.804,3
2.0,7
2.042,2
2.146,1
2.19,9
2.2350000000000003,8
1.431,4
1.627,5
1.718,3
1.806,6
2.042,1
2.072,2
2.123,9
2.205,8
2.299,7
1.45,4
1.562,3
1.65,5
1.835,6
1.925,9
2.108,2
2.145,8
2.241,7
2.3,1
1.43,4
1.621,5
1.794,6
1.8159999999999998,3
1.866,8
2.01,7
2.0540000000000003,2
2.159,1
2.266,9
1.43,4
1.62,5
1.705,3
1.7890000000000001,6
2.018,1
2.0469999999999997,2
2.1950000000000003,9
2.241,8
2.269,7
1.452,4
1.556,3
1.649,5
1.821,6
2.089,2
2.142,9
2.2190000000000003,7
2.225,8
2.278,1
1.448,4
1.642,5
1.81,6
1.835,3
1.897,9
2.0300000000000002,7
2.074,2
2.109,8
2.181,1
1.447,4
1.637,5
1.7189999999999999,3
1.802,6
1.874,8
2.034,1
2.0629999999999997,2
2.279,9
2.2889999999999997,7
1.451,4
1.546,3
1.642,5
1.8050000000000002,6
2.066,2
2.194,7
2.217,9
2.25,1
2.263,8
1.451,4
1.638,5
1.796,6
1.825,3
2.013,7
2.0549999999999997,2
2.107,9
2.161,1
2.189,8
1.4689999999999999,4
1.663,5
1.7389999999999999,3
1.8239999999999998,6
1.911,9
2.061,1
2.091,2
2.128,8
2.323,7
1.468,4
1.5550000000000002,3
1.659,5
1.814,6
1.889,8
2.08,2
2.209,7
2.266,1
2.299,9
1.453,4
1.635,5
1.782,6
1.814,3
1.995,7
2.036,2
2.141,1
2.185,9
2.23,8
0
9.0
4.0
4.0
4.0
4.0
4.0
4.0
4.0
4.0
4.0
4.0
4.0
4.0
4.0
5.0
5.0
5.0
5.0
3.0
4.0
4.0
4.0
4.0
4.0
4.0
4.0
4.0
4.0
4.0
4.0
4.0
4.0
4.0
4.0
4.0
4.0
4.0
4.0
4.0
4.0
4.0
4.0
4.0
4.0
4.0
4.0
4.0
4.0
4.0
4.0
C1,C2,C3,C4,C5
0.048,0.047,0.07,0.087,0.19
0.053,0.052,0.066,0.081,0.058
0.057,0.057,0.066,0.076,0.022
0.062,0.062,0.063,0.058,0.007
0.066,0.066,0.07,0.085,0.004
0.07,0.071,0.066,0.058,0.003
0.075,0.075,0.066,0.047,0.002
0.079,0.079,0.066,0.035,0.002
0.083,0.083,0.066,0.051,0.0
w(inertia),c1,c2,No. de iteraciones
0.7,2.5,2.5,50
0
0.123
0.099
0.043
0.343
0.392
8
0.083
0.083
0.066
0.051
0.0
7
0.079
0.079
0.066
0.035
0.002
C1,C2,C3,C4,C5
0.048,0.047,0.07,0.087,0.19
0.053,0.052,0.066,0.081,0.058
0.057,0.057,0.066,0.076,0.022
0.062,0.062,0.063,0.058,0.007
0.066,0.066,0.07,0.085,0.004
0.07,0.071,0.066,0.058,0.003
0.075,0.075,0.066,0.047,0.002
0.079,0.079,0.066,0.035,0.002
0.083,0.083,0.066,0.051,0.0
C1,C2,C3,C4,C5
0.218,0.673,0.061,0.372,0.932
0.376,0.228,0.622,0.394,0.396
0.727,0.835,0.352,0.952,0.085
0.801,0.723,0.886,0.15,0.023
0.868,0.687,0.321,0.683,0.075
0.311,0.487,0.109,0.607,0.166
0.917,0.243,0.436,0.513,0.74
0.514,0.885,0.385,0.25,0.699
0.789,0.46,0.114,0.494,0.808
0.16,0.478,0.042,0.257,0.651
0.269,0.166,0.435,0.273,0.277
0.514,0.59,0.246,0.664,0.059
0.565,0.51,0.621,0.104,0.016
0.611,0.484,0.224,0.475,0.052
0.22,0.343,0.076,0.424,0.116
0.643,0.172,0.305,0.359,0.518
0.361,0.62,0.269,0.176,0.489
0.552,0.322,0.08,0.346,0.566
0.083,0.243,0.021,0.155,0.452
0.137,0.085,0.232,0.165,0.192
0.259,0.297,0.131,0.405,0.041
0.284,0.256,0.332,0.064,0.011
0.179,0.142,0.082,0.228,0.036
0.063,0.099,0.028,0.206,0.081
0.187,0.048,0.112,0.175,0.36
0.103,0.18,0.099,0.087,0.34
0.159,0.091,0.029,0.168,0.393
0.013,0.031,0.003,0.07,0.312
-0.011,-0.006,0.014,0.054,0.132
0.03,0.034,0.029,0.219,0.028
-0.028,-0.025,0.092,0.022,0.008
-0.069,-0.054,-0.008,0.067,0.025
-0.026,-0.04,-0.003,0.063,0.056
-0.074,-0.022,-0.009,0.054,0.248
-0.044,-0.073,-0.008,0.029,0.234
-0.066,-0.041,-0.003,0.052,0.27
-0.041,-0.13,-0.01,-0.005,0.214
-0.082,-0.049,-0.105,-0.014,0.089
-0.143,-0.164,-0.052,0.088,0.019
-0.176,-0.159,-0.088,-0.004,0.005
-0.177,-0.14,-0.055,-0.031,0.017
-0.065,-0.101,-0.019,-0.025,0.038
-0.204,-0.057,-0.074,-0.013,0.17
-0.117,-0.198,-0.065,-0.003,0.16
-0.178,-0.106,-0.02,-0.013,0.185
-0.068,-0.211,-0.017,-0.048,0.146
-0.117,-0.071,-0.169,-0.054,0.059
-0.2,-0.229,-0.087,-0.022,0.012
-0.251,-0.226,-0.184,-0.019,0.003
-0.232,-0.184,-0.08,-0.089,0.011
-0.085,-0.132,-0.027,-0.076,0.025
-0.212,-0.058,-0.095,-0.057,0.114
-0.121,-0.205,-0.084,-0.025,0.107
-0.184,-0.109,-0.025,-0.055,0.125
-0.06,-0.182,-0.017,-0.068,0.098
-0.095,-0.058,-0.158,-0.07,0.037
-0.188,-0.216,-0.091,-0.083,0.008
-0.201,-0.182,-0.19,-0.025,0.002
-0.177,-0.14,-0.071,-0.11,0.007
-0.065,-0.1,-0.024,-0.095,0.016
-0.218,-0.06,-0.106,-0.084,0.076
-0.124,-0.211,-0.094,-0.039,0.071
-0.189,-0.111,-0.028,-0.081,0.084
-0.056,-0.17,-0.017,-0.082,0.065
-0.065,-0.04,-0.126,-0.073,0.022
-0.145,-0.167,-0.078,-0.111,0.005
-0.137,-0.124,-0.162,-0.027,0.001
-0.151,-0.12,-0.066,-0.127,0.004
-0.042,-0.065,-0.018,-0.098,0.01
-0.179,-0.049,-0.097,-0.096,0.049
-0.102,-0.173,-0.086,-0.045,0.045
-0.155,-0.091,-0.026,-0.093,0.054
-0.031,-0.092,-0.011,-0.074,0.041
-0.037,-0.023,-0.088,-0.068,0.011
-0.096,-0.11,-0.058,-0.117,0.003
-0.079,-0.071,-0.12,-0.026,0.0
-0.103,-0.082,-0.052,-0.127,0.002
-0.022,-0.035,-0.012,-0.091,0.005
-0.117,-0.032,-0.074,-0.096,0.03
-0.066,-0.113,-0.066,-0.045,0.027
-0.101,-0.059,-0.02,-0.093,0.033
-0.019,-0.055,-0.008,-0.072,0.024
-0.024,-0.015,-0.068,-0.068,0.003
-0.072,-0.083,-0.048,-0.125,0.001
-0.051,-0.046,-0.098,-0.026,-0.0
-0.13,-0.115,-0.025,-0.1,0.001
-0.013,-0.02,-0.009,-0.091,0.002
-0.147,-0.007,-0.034,-0.075,0.016
-0.108,-0.144,-0.03,-0.036,0.014
-0.135,-0.102,-0.009,-0.073,0.018
-0.003,-0.104,-0.003,-0.055,0.012
-0.01,-0.006,-0.043,-0.062,-0.002
-0.041,-0.048,-0.033,-0.12,-0.0
-0.096,-0.092,-0.05,-0.02,-0.0
-0.093,-0.085,-0.01,-0.089,-0.0
-0.004,-0.006,-0.005,-0.083,-0.0
-0.101,0.005,-0.046,-0.066,0.006
-0.082,-0.1,-0.011,-0.032,0.005
-0.095,-0.079,-0.003,-0.064,0.008
0.005,-0.08,-0.0,-0.048,0.004
0.002,0.001,-0.053,-0.053,-0.006
-0.094,-0.1,-0.011,-0.091,-0.001
-0.075,-0.073,-0.025,-0.018,-0.0
-0.092,-0.047,0.002,-0.073,-0.001
0.003,0.005,-0.002,-0.07,-0.002
-0.128,0.012,-0.04,-0.046,-0.001
-0.03,-0.127,-0.063,-0.022,-0.001
-0.094,-0.047,0.002,-0.052,0.001
0.01,-0.047,0.002,-0.039,-0.002
0.009,0.006,-0.042,-0.035,-0.009
-0.074,-0.078,0.0,-0.078,-0.002
-0.03,-0.031,-0.073,-0.012,-0.0
-0.054,-0.102,0.01,-0.046,-0.001
0.007,0.011,0.001,-0.046,-0.003
-0.092,0.015,-0.036,-0.036,-0.006
-0.088,-0.065,-0.046,-0.015,-0.005
-0.055,-0.098,0.004,-0.033,-0.004
0.009,-0.098,0.002,-0.024,-0.006
0.011,0.007,-0.029,-0.022,-0.011
-0.046,-0.047,0.008,-0.062,-0.002
-0.084,-0.004,-0.05,-0.008,-0.0
-0.036,-0.079,0.014,-0.033,-0.001
0.008,0.012,0.002,-0.028,-0.004
-0.118,0.011,-0.022,-0.021,-0.009
-0.071,-0.035,-0.037,-0.011,-0.008
-0.036,-0.076,0.005,-0.023,-0.008
0.009,-0.076,0.002,-0.016,-0.009
0.01,0.006,-0.018,-0.012,-0.012
-0.094,-0.097,0.011,-0.037,-0.002
-0.069,0.009,-0.037,-0.006,-0.0
-0.017,-0.047,0.014,-0.021,-0.001
0.007,0.01,0.003,-0.015,-0.004
-0.087,0.009,-0.014,-0.014,-0.011
-0.031,-0.092,-0.018,-0.006,-0.01
-0.016,-0.046,0.005,-0.014,-0.01
0.008,-0.045,0.003,-0.007,-0.011
0.008,0.005,-0.008,-0.003,-0.013
-0.074,-0.075,0.014,-0.022,-0.002
-0.03,0.016,-0.015,-0.001,-0.0
0.001,-0.059,0.013,-0.008,-0.001
0.005,0.008,0.004,-0.004,-0.004
-0.112,0.005,-0.003,-0.003,-0.012
-0.011,-0.073,-0.007,-0.001,-0.012
-0.076,-0.095,0.005,-0.003,-0.012
0.004,-0.094,0.003,0.001,-0.012
0.006,0.004,-0.001,0.002,-0.013
-0.045,-0.045,0.014,-0.01,-0.002
-0.005,0.016,-0.001,0.002,-0.0
0.013,-0.056,0.01,0.002,-0.001
0.003,0.005,0.004,0.003,-0.004
-0.083,0.003,0.003,0.003,-0.013
-0.074,-0.03,0.003,0.003,-0.013
-0.065,-0.074,0.005,0.004,-0.013
0.002,-0.074,0.003,0.005,-0.013
0.003,0.002,0.003,0.005,-0.013
-0.093,-0.094,0.009,0.001,-0.002
0.008,0.013,0.007,0.004,-0.0
0.016,-0.031,0.005,0.008,-0.001
0.002,0.003,0.003,0.006,-0.004
-0.046,0.001,0.007,0.007,-0.014
-0.064,-0.009,0.008,0.005,-0.014
-0.044,-0.045,0.004,0.008,-0.014
0.0,-0.045,0.002,0.008,-0.014
0.002,0.001,0.005,0.007,-0.013
-0.073,-0.074,0.006,0.007,-0.002
0.013,0.009,0.01,0.004,-0.0
0.015,-0.013,0.002,0.011,-0.001
0.001,0.002,0.002,0.008,-0.004
-0.099,-0.0,0.007,0.008,-0.014
-0.031,-0.073,0.009,0.005,-0.014
-0.012,-0.093,0.002,0.009,-0.014
-0.003,-0.095,0.0,0.007,-0.014
-0.001,-0.001,0.004,0.006,-0.013
-0.047,-0.047,0.003,0.01,-0.002
0.011,0.003,0.009,0.003,-0.0
0.01,-0.003,-0.001,0.011,-0.001
-0.001,-0.002,0.0,0.007,-0.004
-0.078,-0.003,0.007,0.008,-0.014
-0.017,-0.065,0.009,0.005,-0.014
0.002,-0.075,0.0,0.009,-0.014
-0.004,-0.075,-0.001,0.005,-0.014
-0.002,-0.001,0.003,0.004,-0.013
-0.095,-0.095,-0.001,0.008,-0.002
0.011,0.001,0.008,0.001,-0.0
0.006,0.003,-0.003,0.008,-0.001
-0.001,-0.003,-0.001,0.005,-0.004
-0.047,-0.003,0.005,0.006,-0.014
-0.002,-0.045,0.007,0.003,-0.014
0.013,-0.047,-0.002,0.007,-0.014
-0.004,-0.046,-0.002,0.004,-0.014
-0.002,-0.001,0.002,0.002,-0.013
-0.075,-0.075,-0.003,0.008,-0.002
0.009,-0.0,0.006,-0.0,-0.0
0.003,0.006,-0.004,0.006,-0.001
-0.001,-0.003,-0.002,0.003,-0.004
-0.097,-0.002,0.002,0.003,-0.014
0.008,-0.023,0.005,0.001,-0.014
0.015,-0.095,-0.002,0.004,-0.014
-0.002,-0.095,-0.002,0.002,-0.014
-0.002,-0.001,0.001,0.001,-0.013
-0.046,-0.046,-0.004,0.007,-0.002
0.004,-0.001,0.003,-0.001,-0.0
0.001,0.006,-0.003,0.004,-0.001
-0.001,-0.001,-0.002,0.001,-0.004
-0.076,-0.002,0.0,0.002,-0.014
0.012,-0.081,0.002,-0.0,-0.014
0.013,-0.055,-0.002,0.002,-0.014
-0.001,-0.075,-0.002,0.001,-0.014
-0.001,-0.001,0.0,-0.0,-0.013
-0.095,-0.095,-0.003,0.005,-0.002
0.002,-0.001,0.001,-0.002,-0.0
-0.0,0.005,-0.002,0.003,-0.001
-0.001,-0.001,-0.002,0.0,-0.004
-0.046,-0.001,-0.001,0.001,-0.014
0.014,-0.068,-0.0,-0.001,-0.014
0.012,-0.036,-0.002,0.001,-0.014
-0.0,-0.046,-0.001,0.0,-0.014
-0.0,-0.0,-0.001,-0.001,-0.013
-0.075,-0.075,-0.003,0.004,-0.002
-0.001,-0.001,-0.0,-0.002,-0.0
-0.001,0.003,-0.002,0.002,-0.001
-0.0,-0.0,-0.001,-0.0,-0.004
-0.095,-0.0,-0.002,-0.0,-0.014
0.013,-0.045,-0.001,-0.002,-0.014
0.009,-0.016,-0.002,0.0,-0.014
0.001,-0.095,-0.0,-0.001,-0.014
0.0,0.0,-0.001,-0.001,-0.013
-0.046,-0.046,-0.002,0.003,-0.002
-0.002,-0.001,-0.001,-0.002,-0.0
-0.001,0.002,-0.001,0.001,-0.001
0.0,0.0,-0.001,-0.0,-0.004
-0.075,0.0,-0.002,-0.001,-0.014
0.01,-0.02,-0.002,-0.002,-0.014
0.003,-0.077,-0.001,-0.001,-0.014
0.001,-0.075,0.0,-0.001,-0.014
0.0,0.0,-0.001,-0.001,-0.013
-0.095,-0.095,-0.001,0.001,-0.002
-0.002,-0.001,-0.001,-0.002,-0.0
-0.001,0.001,-0.001,0.001,-0.001
0.0,0.0,-0.0,-0.0,-0.004
-0.046,0.0,-0.002,-0.001,-0.014
0.004,-0.082,-0.002,-0.002,-0.014
0.001,-0.066,-0.001,-0.001,-0.014
0.001,-0.046,0.0,-0.001,-0.014
0.0,0.0,-0.001,-0.001,-0.012
-0.075,-0.075,-0.001,0.0,-0.002
-0.002,-0.0,-0.001,-0.001,-0.0
-0.001,0.0,-0.0,0.001,-0.001
0.0,0.0,0.0,-0.0,-0.004
-0.095,0.0,-0.001,-0.001,-0.014
0.001,-0.068,-0.002,-0.002,-0.014
-0.001,-0.045,-0.0,-0.001,-0.014
0.0,-0.095,0.0,-0.001,-0.014
0.0,0.0,-0.001,-0.001,-0.012
-0.046,-0.046,-0.0,-0.001,-0.002
-0.001,0.0,-0.001,-0.001,-0.0
-0.0,-0.0,0.0,0.0,-0.001
0.0,0.0,0.0,-0.0,-0.004
-0.075,0.0,-0.001,-0.001,-0.014
-0.002,-0.045,-0.002,-0.002,-0.014
-0.002,-0.022,0.0,-0.001,-0.014
0.0,-0.075,0.0,-0.001,-0.013
0.0,0.0,-0.001,-0.001,-0.012
-0.095,-0.095,0.0,-0.001,-0.002
-0.001,0.0,-0.001,-0.001,-0.0
0.0,-0.0,0.0,-0.0,-0.001
0.0,0.0,0.0,-0.0,-0.004
-0.046,0.0,-0.0,-0.001,-0.014
-0.003,-0.02,-0.001,-0.001,-0.013
-0.002,-0.082,0.0,-0.001,-0.014
0.0,-0.046,0.0,-0.001,-0.013
0.0,0.0,-0.0,-0.001,-0.012
-0.075,-0.075,0.0,-0.001,-0.002
-0.001,0.0,-0.001,-0.001,-0.0
0.0,-0.0,0.0,-0.0,-0.001
0.0,0.0,0.0,-0.0,-0.004
-0.095,0.0,0.0,-0.001,-0.013
-0.003,-0.082,-0.0,-0.0,-0.013
-0.002,-0.068,0.0,-0.001,-0.014
0.0,-0.095,0.0,-0.001,-0.013
0.0,0.0,0.0,-0.001,-0.012
-0.046,-0.046,0.0,-0.001,-0.002
-0.0,0.0,-0.0,-0.0,-0.0
0.0,-0.0,0.0,-0.0,-0.001
0.0,0.0,0.0,-0.0,-0.004
-0.075,0.0,0.0,-0.001,-0.013
-0.003,-0.068,0.0,0.0,-0.013
-0.002,-0.045,0.0,-0.001,-0.014
0.0,-0.075,0.0,-0.001,-0.013
0.0,0.0,0.0,-0.001,-0.011
-0.095,-0.095,0.0,-0.001,-0.002
0.0,0.0,0.0,0.0,-0.0
0.0,-0.0,0.0,-0.0,-0.001
0.0,0.0,0.0,-0.0,-0.004
-0.046,0.0,0.0,-0.001,-0.013
-0.002,-0.045,0.0,0.0,-0.013
-0.001,-0.02,0.0,-0.001,-0.013
0.0,-0.046,0.0,-0.001,-0.012
0.0,0.0,0.0,-0.001,-0.011
-0.075,-0.075,0.0,-0.001,-0.002
0.0,0.0,0.0,0.0,-0.0
0.0,-0.0,0.0,-0.0,-0.001
0.0,0.0,0.0,-0.0,-0.004
-0.095,0.0,0.0,-0.001,-0.013
-0.001,-0.02,0.0,0.0,-0.013
-0.0,-0.082,0.0,-0.0,-0.013
0.0,-0.095,0.0,-0.0,-0.012
0.0,0.0,0.0,-0.0,-0.011
-0.046,-0.046,0.0,-0.001,-0.002
0.0,0.0,0.0,0.0,-0.0
0.0,-0.0,0.0,-0.0,-0.001
0.0,0.0,0.0,-0.0,-0.004
-0.075,0.0,0.0,-0.001,-0.013
-0.0,-0.082,0.0,0.0,-0.012
0.0,-0.068,0.0,0.0,-0.013
0.0,-0.075,0.0,0.0,-0.012
0.0,0.0,0.0,0.0,-0.011
-0.095,-0.095,0.0,-0.0,-0.002
0.0,0.0,0.0,0.0,-0.0
0.0,-0.0,0.0,-0.0,-0.001
0.0,0.0,0.0,-0.0,-0.004
-0.046,0.0,0.0,-0.001,-0.012
0.0,-0.068,0.0,0.0,-0.012
0.0,-0.045,0.0,0.0,-0.013
0.0,-0.046,0.0,0.0,-0.012
0.0,0.0,0.0,0.0,-0.011
-0.075,-0.075,0.0,0.0,-0.002
0.0,0.0,0.0,0.0,-0.0
0.0,-0.0,0.0,-0.0,-0.001
0.0,0.0,0.0,-0.0,-0.004
-0.095,0.0,0.0,-0.0,-0.012
0.0,-0.045,0.0,0.0,-0.012
0.0,-0.02,0.0,0.0,-0.013
0.0,-0.095,0.0,0.0,-0.012
0.0,0.0,0.0,0.0,-0.011
-0.046,-0.046,0.0,0.0,-0.002
0.0,0.0,0.0,0.0,-0.0
0.0,-0.0,0.0,-0.0,-0.001
0.0,0.0,0.0,-0.0,-0.004
-0.075,0.0,0.0,0.0,-0.012
0.0,-0.02,0.0,0.0,-0.012
0.0,-0.082,0.0,0.0,-0.012
0.0,-0.075,0.0,0.0,-0.011
0.0,0.0,0.0,0.0,-0.01
-0.095,-0.095,0.0,0.0,-0.002
0.0,0.0,0.0,0.0,-0.0
0.0,-0.0,0.0,-0.0,-0.001
0.0,0.0,0.0,-0.0,-0.004
-0.046,0.0,0.0,0.0,-0.012
0.0,-0.082,0.0,0.0,-0.012
0.0,-0.068,0.0,0.0,-0.012
0.0,-0.046,0.0,0.0,-0.011
0.0,0.0,0.0,0.0,-0.01
-0.075,-0.075,0.0,0.0,-0.002
0.0,0.0,0.0,0.0,-0.0
0.0,-0.0,0.0,-0.0,-0.001
0.0,0.0,0.0,-0.0,-0.004
-0.095,0.0,0.0,0.0,-0.012
0.0,-0.068,0.0,0.0,-0.011
0.0,-0.045,0.0,0.0,-0.012
0.0,-0.095,0.0,0.0,-0.011
0.0,0.0,0.0,0.0,-0.01
-0.046,-0.046,0.0,0.0,-0.002
0.0,0.0,0.0,0.0,-0.0
0.0,-0.0,0.0,-0.0,-0.001
0.0,0.0,0.0,-0.0,-0.004
-0.075,0.0,0.0,0.0,-0.011
0.0,-0.045,0.0,0.0,-0.011
0.0,-0.02,0.0,0.0,-0.012
0.0,-0.075,0.0,0.0,-0.011
0.0,0.0,0.0,0.0,-0.01
-0.095,-0.095,0.0,0.0,-0.002
0.0,0.0,0.0,0.0,-0.0
0.0,-0.0,0.0,-0.0,-0.001
0.0,0.0,0.0,-0.0,-0.004
-0.046,0.0,0.0,0.0,-0.011
0.0,-0.02,0.0,0.0,-0.011
0.0,-0.082,0.0,0.0,-0.012
0.0,-0.046,0.0,0.0,-0.011
0.0,0.0,0.0,0.0,-0.01
-0.075,-0.075,0.0,0.0,-0.002
0.0,0.0,0.0,0.0,-0.0
0.0,-0.0,0.0,-0.0,-0.001
0.0,0.0,0.0,-0.0,-0.004
-0.095,0.0,0.0,0.0,-0.011
0.0,-0.082,0.0,0.0,-0.011
0.0,-0.068,0.0,0.0,-0.011
0.0,-0.095,0.0,0.0,-0.011
0.0,0.0,0.0,0.0,-0.01
-0.046,-0.046,0.0,0.0,-0.002
0.0,0.0,0.0,0.0,-0.0
0.0,-0.0,0.0,-0.0,-0.001
0.0,0.0,0.0,-0.0,-0.004
-0.075,0.0,0.0,0.0,-0.011
0.0,-0.068,0.0,0.0,-0.011
0.0,-0.045,0.0,0.0,-0.011
0.0,-0.075,0.0,0.0,-0.01
0.0,0.0,0.0,0.0,-0.009
-0.095,-0.095,0.0,0.0,-0.002
0.0,0.0,0.0,0.0,-0.0
0.0,-0.0,0.0,-0.0,-0.001
0.0,0.0,0.0,-0.0,-0.004
-0.046,0.0,0.0,0.0,-0.011
0.0,-0.045,0.0,0.0,-0.01
0.0,-0.02,0.0,0.0,-0.011
0.0,-0.046,0.0,0.0,-0.01
0.0,0.0,0.0,0.0,-0.009
-0.075,-0.075,0.0,0.0,-0.002
0.0,0.0,0.0,0.0,-0.0
0.0,-0.0,0.0,-0.0,-0.001
0.0,0.0,0.0,-0.0,-0.004
-0.095,0.0,0.0,0.0,-0.01
0.0,-0.02,0.0,0.0,-0.01
0.0,-0.082,0.0,0.0,-0.011
0.0,-0.095,0.0,0.0,-0.01
0.0,0.0,0.0,0.0,-0.009
-0.046,-0.046,0.0,0.0,-0.002
0.0,0.0,0.0,0.0,-0.0
0.0,-0.0,0.0,-0.0,-0.001
0.0,0.0,0.0,-0.0,-0.004
-0.075,0.0,0.0,0.0,-0.01
0.0,-0.082,0.0,0.0,-0.01
0.0,-0.068,0.0,0.0,-0.011
0.0,-0.075,0.0,0.0,-0.01
0.0,0.0,0.0,0.0,-0.009
-0.095,-0.095,0.0,0.0,-0.002
0.0,0.0,0.0,0.0,-0.0
0.0,-0.0,0.0,-0.0,-0.001
0.0,0.0,0.0,-0.0,-0.004
-0.046,0.0,0.0,0.0,-0.01
0.0,-0.068,0.0,0.0,-0.01
0.0,-0.045,0.0,0.0,-0.01
0.0,-0.046,0.0,0.0,-0.01
0.0,0.0,0.0,0.0,-0.009
-0.075,-0.075,0.0,0.0,-0.002
0.0,0.0,0.0,0.0,-0.0
0.0,-0.0,0.0,-0.0,-0.001
0.0,0.0,0.0,-0.0,-0.004
-0.095,0.0,0.0,0.0,-0.01
0.0,-0.045,0.0,0.0,-0.01
0.0,-0.02,0.0,0.0,-0.01
0.0,-0.095,0.0,0.0,-0.01
0.0,0.0,0.0,0.0,-0.009
-0.046,-0.046,0.0,0.0,-0.002
0.0,0.0,0.0,0.0,-0.0
0.0,-0.0,0.0,-0.0,-0.001
0.0,0.0,0.0,-0.0,-0.004
-0.075,0.0,0.0,0.0,-0.01
0.0,-0.02,0.0,0.0,-0.01
0.0,-0.082,0.0,0.0,-0.01
C1,C2,C3,C4,C5
0.048,0.047,0.07,0.087,0.19
0.053,0.052,0.066,0.081,0.058
0.057,0.057,0.066,0.076,0.022
0.062,0.062,0.063,0.058,0.007
0.066,0.066,0.07,0.085,0.004
0.07,0.071,0.066,0.058,0.003
0.075,0.075,0.066,0.047,0.002
0.079,0.079,0.066,0.035,0.002
0.083,0.083,0.066,0.051,0.0
0.208,0.525,0.112,0.344,0.841
0.322,0.218,0.501,0.354,0.335
0.571,0.647,0.312,0.74,0.081
0.627,0.572,0.684,0.162,0.023
0.677,0.55,0.294,0.56,0.056
0.29,0.414,0.142,0.482,0.119
0.718,0.247,0.371,0.406,0.52
0.44,0.699,0.335,0.211,0.491
0.635,0.405,0.146,0.397,0.566
0.291,0.768,0.133,0.499,0.8
0.459,0.303,0.733,0.519,0.527
0.83,0.944,0.443,0.8,0.122
0.911,0.828,0.8,0.226,0.034
0.856,0.692,0.376,0.788,0.092
0.353,0.513,0.17,0.688,0.2
0.905,0.295,0.483,0.581,0.88
0.543,0.879,0.434,0.298,0.831
0.794,0.496,0.175,0.565,0.959
0.304,0.799,0.136,0.569,0.8
0.448,0.297,0.747,0.573,0.659
0.86,0.978,0.472,0.8,0.15
0.883,0.803,0.892,0.248,0.042
0.787,0.638,0.368,0.855,0.117
0.327,0.473,0.167,0.751,0.256
0.831,0.273,0.474,0.635,0.8
0.499,0.806,0.426,0.327,0.8
0.728,0.455,0.172,0.617,0.8
0.263,0.669,0.126,0.564,0.8
0.366,0.248,0.642,0.559,0.748
0.717,0.814,0.42,0.888,0.169
0.707,0.644,0.804,0.244,0.047
0.61,0.498,0.313,0.824,0.134
0.262,0.372,0.148,0.726,0.294
0.627,0.216,0.4,0.622,0.97
0.382,0.608,0.361,0.324,0.96
0.55,0.349,0.152,0.604,0.985
0.195,0.458,0.109,0.516,0.946
0.249,0.177,0.473,0.505,0.807
0.517,0.585,0.333,0.866,0.181
0.456,0.418,0.62,0.225,0.05
0.378,0.314,0.233,0.735,0.145
0.177,0.24,0.121,0.65,0.319
0.415,0.158,0.305,0.565,0.8
0.261,0.403,0.277,0.299,0.8
0.366,0.24,0.127,0.549,0.8
0.135,0.276,0.092,0.448,0.8
0.154,0.119,0.315,0.435,0.844
0.329,0.369,0.242,0.783,0.189
0.255,0.236,0.43,0.2,0.052
0.201,0.174,0.162,0.625,0.152
0.112,0.14,0.097,0.555,0.335
0.197,0.098,0.199,0.481,0.876
0.137,0.192,0.183,0.26,0.871
0.177,0.129,0.099,0.468,0.884
0.079,0.106,0.075,0.366,0.865
0.089,0.079,0.189,0.362,0.866
0.184,0.202,0.164,0.672,0.194
0.118,0.112,0.268,0.173,0.053
0.05,0.054,0.096,0.498,0.156
0.07,0.075,0.079,0.457,0.345
0.018,0.049,0.102,0.385,0.925
0.035,0.019,0.097,0.215,0.916
0.022,0.038,0.073,0.375,0.938
0.048,0.014,0.064,0.292,0.906
0.052,0.056,0.101,0.294,0.877
0.088,0.092,0.106,0.555,0.197
0.039,0.041,0.148,0.147,0.053
0.2,0.2,0.044,0.371,0.158
0.048,0.04,0.067,0.366,0.35
0.2,0.017,0.028,0.289,0.955
0.2,0.2,0.031,0.17,0.943
0.2,0.2,0.053,0.282,0.971
0.029,0.2,0.056,0.22,0.93
0.028,0.041,0.033,0.226,0.88
0.016,0.009,0.058,0.43,0.198
0.2,0.2,0.05,0.121,0.053
0.07,0.085,0.019,0.271,0.159
0.035,0.02,0.058,0.275,0.352
0.053,0.01,0.2,0.214,0.971
0.092,0.056,0.001,0.134,0.957
0.065,0.098,0.044,0.209,0.989
0.026,0.096,0.053,0.165,0.942
0.018,0.035,0.2,0.164,0.878
0.2,0.2,0.025,0.31,0.198
0.104,0.108,0.0,0.101,0.053
0.2,0.0,0.009,0.182,0.159
0.031,0.014,0.053,0.192,0.352
0.2,0.015,0.154,0.148,0.977
0.01,0.2,0.2,0.102,0.962
0.2,0.019,0.041,0.145,0.997
0.031,0.016,0.053,0.117,0.946
0.02,0.036,0.147,0.111,0.872
0.106,0.1,0.014,0.219,0.197
0.029,0.035,0.2,0.083,0.053
0.108,0.2,0.011,0.109,0.158
0.034,0.019,0.051,0.122,0.35
0.072,0.027,0.114,0.102,0.976
0.2,0.073,0.137,0.08,0.961
0.106,0.2,0.043,0.093,0.998
0.041,0.2,0.055,0.078,0.944
0.029,0.042,0.105,0.076,0.863
0.032,0.022,0.014,0.141,0.195
0.2,0.004,0.127,0.071,0.053
0.054,0.098,0.021,0.063,0.157
0.041,0.03,0.052,0.076,0.347
0.2,0.042,0.078,0.066,0.97
0.112,0.008,0.091,0.065,0.956
0.051,0.102,0.047,0.06,0.994
0.05,0.102,0.057,0.054,0.938
0.04,0.049,0.076,0.054,0.852
0.2,0.2,0.022,0.079,0.193
0.116,0.0,0.077,0.063,0.053
0.018,0.019,0.035,0.03,0.156
0.049,0.042,0.054,0.048,0.343
0.082,0.053,0.056,0.045,0.961
0.041,0.2,0.054,0.054,0.948
0.015,0.026,0.052,0.037,0.986
0.059,0.026,0.059,0.038,0.929
0.05,0.055,0.058,0.042,0.84
0.106,0.103,0.033,0.042,0.191
0.047,0.009,0.04,0.057,0.053
0.001,0.2,0.049,0.009,0.155
0.056,0.052,0.057,0.033,0.339
0.2,0.062,0.042,0.031,0.95
0.01,0.108,0.036,0.048,0.938
0.2,0.2,0.057,0.023,0.976
0.067,0.2,0.062,0.031,0.918
0.058,0.06,0.05,0.039,0.827
0.032,0.028,0.047,0.02,0.189
0.017,0.025,0.025,0.056,0.053
0.002,0.141,0.062,0.001,0.154
0.061,0.06,0.061,0.029,0.335
0.088,0.067,0.039,0.028,0.938
0.2,0.035,0.029,0.047,0.926
0.124,0.105,0.062,0.02,0.964
0.071,0.106,0.065,0.032,0.906
0.064,0.064,0.049,0.041,0.814
0.2,0.2,0.061,0.01,0.187
0.012,0.041,0.024,0.058,0.053
0.015,0.085,0.072,0.003,0.153
0.064,0.065,0.065,0.032,0.331
0.005,0.07,0.042,0.031,0.925
0.126,0.005,0.032,0.05,0.913
0.059,0.031,0.067,0.024,0.951
0.073,0.032,0.068,0.037,0.893
0.067,0.066,0.052,0.046,0.801
0.107,0.106,0.07,0.011,0.185
0.02,0.054,0.031,0.062,0.053
0.031,0.054,0.077,0.011,0.152
0.066,0.068,0.068,0.038,0.327
0.2,0.071,0.049,0.038,0.911
0.062,0.2,0.04,0.055,0.899
0.015,0.2,0.071,0.032,0.937
0.073,0.2,0.07,0.045,0.879
0.069,0.067,0.057,0.053,0.788
0.034,0.032,0.076,0.018,0.183
0.033,0.063,0.041,0.066,0.053
0.046,0.041,0.079,0.022,0.151
0.067,0.07,0.07,0.046,0.323
0.101,0.071,0.056,0.046,0.897
0.031,0.127,0.049,0.06,0.885
0.003,0.107,0.073,0.041,0.923
0.07,0.105,0.07,0.052,0.865
0.068,0.066,0.061,0.059,0.775
0.2,0.2,0.079,0.028,0.181
0.044,0.066,0.05,0.069,0.053
0.056,0.038,0.078,0.033,0.15
0.066,0.068,0.07,0.053,0.319
0.023,0.068,0.063,0.054,0.883
0.014,0.062,0.058,0.065,0.871
0.005,0.032,0.073,0.05,0.909
0.066,0.03,0.069,0.057,0.851
0.066,0.065,0.064,0.063,0.762
0.105,0.105,0.078,0.036,0.179
0.055,0.067,0.058,0.07,0.053
0.062,0.041,0.075,0.041,0.149
0.065,0.065,0.069,0.058,0.315
0.2,0.065,0.068,0.06,0.869
0.012,0.017,0.065,0.068,0.857
0.018,0.2,0.071,0.057,0.895
0.062,0.2,0.067,0.061,0.837
0.064,0.064,0.066,0.065,0.749
0.03,0.03,0.075,0.044,0.177
0.064,0.067,0.064,0.07,0.053
0.065,0.047,0.071,0.047,0.148
0.064,0.062,0.067,0.061,0.311
0.103,0.063,0.07,0.063,0.855
0.02,0.2,0.07,0.069,0.843
0.033,0.105,0.069,0.061,0.881
0.06,0.105,0.065,0.063,0.823
0.062,0.063,0.067,0.066,0.736
0.2,0.2,0.071,0.051,0.175
0.068,0.066,0.067,0.069,0.053
0.066,0.053,0.068,0.051,0.147
0.063,0.061,0.065,0.062,0.307
0.027,0.061,0.07,0.065,0.841
0.032,0.119,0.072,0.069,0.829
0.046,0.05,0.067,0.063,0.867
0.059,0.03,0.063,0.064,0.809
0.061,0.062,0.067,0.066,0.723
0.105,0.105,0.068,0.056,0.173
0.07,0.065,0.068,0.067,0.053
0.066,0.058,0.066,0.054,0.146
0.062,0.06,0.063,0.062,0.303
0.2,0.06,0.069,0.066,0.827
0.046,0.051,0.072,0.068,0.815
0.058,0.014,0.065,0.064,0.853
0.059,0.2,0.062,0.064,0.795
0.061,0.062,0.066,0.065,0.71
0.03,0.03,0.065,0.06,0.171
0.069,0.064,0.068,0.065,0.053
0.065,0.061,0.064,0.056,0.145
0.062,0.06,0.062,0.062,0.299
0.105,0.06,0.067,0.066,0.813
0.059,0.006,0.071,0.066,0.801
0.067,0.2,0.063,0.064,0.839
0.06,0.105,0.062,0.063,0.781
0.061,0.062,0.065,0.064,0.697
0.2,0.2,0.063,0.063,0.169
0.067,0.063,0.067,0.063,0.053
0.064,0.063,0.063,0.057,0.144
0.062,0.06,0.061,0.062,0.295
0.03,0.06,0.065,0.065,0.799
0.069,0.2,0.069,0.064,0.787
0.07,0.123,0.062,0.063,0.825
0.061,0.03,0.062,0.062,0.767
0.061,0.062,0.064,0.063,0.684
0.105,0.105,0.062,0.064,0.167
0.065,0.062,0.066,0.061,0.053
0.063,0.064,0.062,0.058,0.143
0.062,0.06,0.061,0.062,0.291
0.2,0.06,0.063,0.064,0.785
0.073,0.118,0.067,0.062,0.773
0.071,0.057,0.061,0.062,0.811
0.062,0.2,0.062,0.061,0.753
0.061,0.062,0.063,0.062,0.672
0.03,0.03,0.061,0.064,0.165
0.063,0.062,0.065,0.06,0.053
0.062,0.064,0.062,0.059,0.142
0.062,0.06,0.061,0.062,0.287
0.105,0.06,0.062,0.063,0.771
0.074,0.05,0.065,0.06,0.759
0.07,0.012,0.061,0.061,0.797
0.062,0.105,0.062,0.06,0.739
0.061,0.062,0.062,0.061,0.66
0.2,0.2,0.061,0.063,0.163
0.062,0.062,0.064,0.059,0.053
0.062,0.064,0.062,0.059,0.141
0.062,0.06,0.061,0.062,0.283
0.03,0.06,0.061,0.062,0.757
0.072,0.005,0.063,0.058,0.745
0.068,0.2,0.061,0.06,0.783
0.062,0.03,0.062,0.059,0.726
0.061,0.062,0.061,0.06,0.648
0.105,0.105,0.061,0.062,0.161
0.061,0.062,0.063,0.058,0.053
0.062,0.064,0.062,0.059,0.14
0.062,0.06,0.061,0.062,0.279
0.2,0.06,0.061,0.061,0.743
0.069,0.2,0.062,0.057,0.732
0.066,0.118,0.061,0.059,0.769
0.062,0.2,0.062,0.058,0.713
0.061,0.062,0.061,0.059,0.636
0.03,0.03,0.061,0.061,0.159
0.06,0.062,0.062,0.057,0.053
0.062,0.064,0.062,0.059,0.139
0.062,0.06,0.061,0.062,0.275
0.105,0.06,0.061,0.06,0.73
0.066,0.118,0.062,0.057,0.719
0.064,0.05,0.061,0.058,0.755
0.062,0.105,0.062,0.057,0.7
0.061,0.062,0.061,0.058,0.624
0.2,0.2,0.061,0.06,0.157
0.06,0.062,0.062,0.057,0.053
0.062,0.064,0.062,0.059,0.138
0.062,0.06,0.061,0.062,0.271
0.03,0.06,0.061,0.059,0.717
0.063,0.05,0.062,0.057,0.706
0.062,0.005,0.061,0.057,0.741
0.062,0.03,0.062,0.056,0.687
0.061,0.062,0.061,0.057,0.613
0.105,0.105,0.061,0.059,0.155
0.06,0.062,0.062,0.057,0.053
0.062,0.064,0.062,0.059,0.137
0.062,0.06,0.061,0.062,0.267
0.2,0.06,0.061,0.058,0.704
0.061,0.005,0.062,0.057,0.693
0.061,0.2,0.061,0.056,0.728
0.062,0.2,0.062,0.055,0.675
0.061,0.062,0.061,0.056,0.602
0.03,0.03,0.061,0.058,0.153
0.06,0.062,0.062,0.057,0.053
0.062,0.064,0.062,0.059,0.136
0.062,0.06,0.061,0.062,0.263
0.105,0.06,0.061,0.057,0.691
0.06,0.2,0.062,0.057,0.68
0.061,0.118,0.061,0.056,0.715
0.062,0.105,0.062,0.055,0.663
0.061,0.062,0.061,0.056,0.591
0.2,0.2,0.061,0.057,0.151
0.06,0.062,0.062,0.057,0.053
0.062,0.064,0.062,0.059,0.135
0.062,0.06,0.061,0.062,0.259
0.03,0.06,0.061,0.056,0.678
0.06,0.118,0.062,0.057,0.668
0.061,0.05,0.061,0.056,0.702
0.062,0.03,0.062,0.055,0.651
0.061,0.062,0.061,0.056,0.58
0.105,0.105,0.061,0.057,0.149
0.06,0.062,0.062,0.057,0.053
0.062,0.064,0.062,0.059,0.134
0.062,0.06,0.061,0.062,0.255
0.2,0.06,0.061,0.055,0.666
0.06,0.05,0.062,0.057,0.656
0.061,0.005,0.061,0.056,0.689
0.062,0.2,0.062,0.055,0.639
0.061,0.062,0.061,0.056,0.569
0.03,0.03,0.061,0.057,0.147
0.06,0.062,0.062,0.057,0.053
0.062,0.064,0.062,0.059,0.133
0.062,0.06,0.061,0.062,0.251
0.105,0.06,0.061,0.055,0.654
0.06,0.005,0.062,0.057,0.644
0.061,0.2,0.061,0.056,0.676
0.062,0.105,0.062,0.055,0.627
0.061,0.062,0.061,0.056,0.558
0.2,0.2,0.061,0.057,0.145
0.06,0.062,0.062,0.057,0.053
0.062,0.064,0.062,0.059,0.132
0.062,0.06,0.061,0.062,0.247
0.03,0.06,0.061,0.055,0.642
0.06,0.2,0.062,0.057,0.632
0.061,0.118,0.061,0.056,0.664
0.062,0.03,0.062,0.055,0.616
0.061,0.062,0.061,0.056,0.548
0.105,0.105,0.061,0.057,0.143
0.06,0.062,0.062,0.057,0.053
0.062,0.064,0.062,0.059,0.131
0.062,0.06,0.061,0.062,0.243
0.2,0.06,0.061,0.055,0.63
0.06,0.118,0.062,0.057,0.62
0.061,0.05,0.061,0.056,0.652
0.062,0.2,0.062,0.055,0.605
0.061,0.062,0.061,0.056,0.538
0.03,0.03,0.061,0.057,0.141
0.06,0.062,0.062,0.057,0.053
0.062,0.064,0.062,0.059,0.13
0.062,0.06,0.061,0.062,0.239
0.105,0.06,0.061,0.055,0.618
0.06,0.05,0.062,0.057,0.609
0.061,0.005,0.061,0.056,0.64
0.062,0.105,0.062,0.055,0.594
0.061,0.062,0.061,0.056,0.528
0.2,0.2,0.061,0.057,0.139
0.06,0.062,0.062,0.057,0.053
0.062,0.064,0.062,0.059,0.129
0.062,0.06,0.061,0.062,0.235
0.03,0.06,0.061,0.055,0.607
0.06,0.005,0.062,0.057,0.598
0.061,0.2,0.061,0.056,0.628
0.062,0.03,0.062,0.055,0.583
0.061,0.062,0.061,0.056,0.518
0.105,0.105,0.061,0.057,0.137
0.06,0.062,0.062,0.057,0.053
0.062,0.064,0.062,0.059,0.128
0.062,0.06,0.061,0.062,0.231
0.2,0.06,0.061,0.055,0.596
0.06,0.2,0.062,0.057,0.587
0.061,0.118,0.061,0.056,0.616
0.062,0.2,0.062,0.055,0.572
0.061,0.062,0.061,0.056,0.508
0.03,0.03,0.061,0.057,0.135
0.06,0.062,0.062,0.057,0.053
0.062,0.064,0.062,0.059,0.127
0.062,0.06,0.061,0.062,0.227
0.105,0.06,0.061,0.055,0.585
0.06,0.118,0.062,0.057,0.576
0.061,0.05,0.061,0.056,0.605
0.062,0.105,0.062,0.055,0.561
0.061,0.062,0.061,0.056,0.498
0.2,0.2,0.061,0.057,0.133
0.06,0.062,0.062,0.057,0.053
0.062,0.064,0.062,0.059,0.126
0.062,0.06,0.061,0.062,0.223
0.03,0.06,0.061,0.055,0.574
0.06,0.05,0.062,0.057,0.565
0.061,0.005,0.061,0.056,0.594
0.062,0.03,0.062,0.055,0.551
0.061,0.062,0.061,0.056,0.489
0.105,0.105,0.061,0.057,0.131
0.06,0.062,0.062,0.057,0.053
0.062,0.064,0.062,0.059,0.125
0.062,0.06,0.061,0.062,0.219
0.2,0.06,0.061,0.055,0.563
0.06,0.005,0.062,0.057,0.555
0.061,0.2,0.061,0.056,0.583
0.062,0.2,0.062,0.055,0.541
0.061,0.062,0.061,0.056,0.48
0.03,0.03,0.061,0.057,0.129
0.06,0.062,0.062,0.057,0.053
0.062,0.064,0.062,0.059,0.124
0.062,0.06,0.061,0.062,0.215
0.105,0.06,0.061,0.055,0.553
0.06,0.2,0.062,0.057,0.545
0.061,0.118,0.061,0.056,0.572
0.062,0.105,0.062,0.055,0.531
0.061,0.062,0.061,0.056,0.471
0.2,0.2,0.061,0.057,0.127
0.06,0.062,0.062,0.057,0.053
0.062,0.064,0.062,0.059,0.123
0.062,0.06,0.061,0.062,0.211
0.03,0.06,0.061,0.055,0.543
0.06,0.118,0.062,0.057,0.535
0.061,0.05,0.061,0.056,0.561
0.062,0.03,0.062,0.055,0.521
0.061,0.062,0.061,0.056,0.462
0.105,0.105,0.061,0.057,0.125
0.06,0.062,0.062,0.057,0.053
0.062,0.064,0.062,0.059,0.122
0.062,0.06,0.061,0.062,0.207
0.2,0.06,0.061,0.055,0.533
0.06,0.05,0.062,0.057,0.525
0.061,0.005,0.061,0.056,0.551
0.062,0.2,0.062,0.055,0.511
0.061,0.062,0.061,0.056,0.453
0.03,0.03,0.061,0.057,0.123
0.06,0.062,0.062,0.057,0.053
0.062,0.064,0.062,0.059,0.121
0.062,0.06,0.061,0.062,0.203
0.105,0.06,0.061,0.055,0.523
0.06,0.005,0.062,0.057,0.515
0.061,0.2,0.061,0.056,0.541
0.062,0.105,0.062,0.055,0.501
0.061,0.062,0.061,0.056,0.444
0.2,0.2,0.061,0.057,0.121
0.06,0.062,0.062,0.057,0.053
0.062,0.064,0.062,0.059,0.12
0.062,0.06,0.061,0.062,0.199
0.03,0.06,0.061,0.055,0.513
0.06,0.2,0.062,0.057,0.505
0.061,0.118,0.061,0.056,0.531
C1,C2,C3,C4,C5
0.048,0.047,0.07,0.087,0.19
0.053,0.052,0.066,0.081,0.058
0.057,0.057,0.066,0.076,0.022
0.062,0.062,0.063,0.058,0.007
0.066,0.066,0.07,0.085,0.004
0.07,0.071,0.066,0.058,0.003
0.075,0.075,0.066,0.047,0.002
0.079,0.079,0.066,0.035,0.002
0.083,0.083,0.066,0.051,0.0
0.208,0.525,0.112,0.344,0.841
0.322,0.218,0.501,0.354,0.335
0.571,0.647,0.312,0.74,0.081
0.627,0.572,0.684,0.162,0.023
0.066,0.066,0.07,0.085,0.004
0.07,0.071,0.066,0.058,0.003
0.075,0.075,0.066,0.047,0.002
0.079,0.079,0.066,0.035,0.002
0.083,0.083,0.066,0.051,0.0
0.291,0.768,0.133,0.499,0.8
0.322,0.218,0.501,0.354,0.335
0.83,0.944,0.443,0.8,0.122
0.627,0.572,0.684,0.162,0.023
0.677,0.55,0.294,0.56,0.056
0.29,0.414,0.142,0.482,0.119
0.718,0.247,0.371,0.406,0.52
0.44,0.699,0.335,0.211,0.491
0.635,0.405,0.146,0.397,0.566
0.291,0.768,0.133,0.499,0.8
0.459,0.303,0.733,0.519,0.527
0.83,0.944,0.443,0.8,0.122
0.911,0.828,0.8,0.226,0.034
0.856,0.692,0.376,0.788,0.092
0.353,0.513,0.17,0.688,0.2
0.831,0.273,0.474,0.635,0.8
0.499,0.806,0.426,0.327,0.8
0.728,0.455,0.172,0.617,0.8
0.263,0.669,0.126,0.564,0.8
0.366,0.248,0.642,0.559,0.748
0.86,0.978,0.472,0.8,0.15
0.707,0.644,0.804,0.244,0.047
0.61,0.498,0.313,0.824,0.134
0.262,0.372,0.148,0.726,0.294
0.831,0.273,0.474,0.635,0.8
0.499,0.806,0.426,0.327,0.8
0.728,0.455,0.172,0.617,0.8
0.263,0.669,0.126,0.564,0.8
0.366,0.248,0.642,0.559,0.748
0.717,0.814,0.42,0.888,0.169
0.707,0.644,0.804,0.244,0.047
0.61,0.498,0.313,0.824,0.134
0.262,0.372,0.148,0.726,0.294
0.415,0.158,0.305,0.565,0.8
0.261,0.403,0.277,0.299,0.8
0.366,0.24,0.127,0.549,0.8
0.135,0.276,0.092,0.448,0.8
0.249,0.177,0.473,0.505,0.807
0.517,0.585,0.333,0.866,0.181
0.456,0.418,0.62,0.225,0.05
0.201,0.174,0.162,0.625,0.152
0.177,0.24,0.121,0.65,0.319
0.197,0.098,0.199,0.481,0.876
0.137,0.192,0.183,0.26,0.871
0.177,0.129,0.099,0.468,0.884
0.135,0.276,0.092,0.448,0.8
0.154,0.119,0.315,0.435,0.844
0.329,0.369,0.242,0.783,0.189
0.255,0.236,0.43,0.2,0.052
0.05,0.054,0.096,0.498,0.156
0.112,0.14,0.097,0.555,0.335
0.018,0.049,0.102,0.385,0.925
0.035,0.019,0.097,0.215,0.916
0.022,0.038,0.073,0.375,0.938
0.048,0.014,0.064,0.292,0.906
0.052,0.056,0.101,0.294,0.877
0.088,0.092,0.106,0.555,0.197
0.039,0.041,0.148,0.147,0.053
0.05,0.054,0.096,0.498,0.156
0.048,0.04,0.067,0.366,0.35
0.018,0.049,0.102,0.385,0.925
0.035,0.019,0.097,0.215,0.916
0.022,0.038,0.073,0.375,0.938
0.048,0.014,0.064,0.292,0.906
0.028,0.041,0.033,0.226,0.88
0.016,0.009,0.058,0.43,0.198
0.039,0.041,0.148,0.147,0.053
0.07,0.085,0.019,0.271,0.159
0.035,0.02,0.058,0.275,0.352
0.053,0.01,0.2,0.214,0.971
0.092,0.056,0.001,0.134,0.957
0.065,0.098,0.044,0.209,0.989
0.026,0.096,0.053,0.165,0.942
0.018,0.035,0.2,0.164,0.878
0.016,0.009,0.058,0.43,0.198
0.104,0.108,0.0,0.101,0.053
0.2,0.0,0.009,0.182,0.159
0.031,0.014,0.053,0.192,0.352
0.053,0.01,0.2,0.214,0.971
0.092,0.056,0.001,0.134,0.957
0.2,0.019,0.041,0.145,0.997
0.031,0.016,0.053,0.117,0.946
0.018,0.035,0.2,0.164,0.878
0.106,0.1,0.014,0.219,0.197
0.104,0.108,0.0,0.101,0.053
0.2,0.0,0.009,0.182,0.159
0.031,0.014,0.053,0.192,0.352
0.072,0.027,0.114,0.102,0.976
0.01,0.2,0.2,0.102,0.962
0.2,0.019,0.041,0.145,0.997
0.031,0.016,0.053,0.117,0.946
0.02,0.036,0.147,0.111,0.872
0.032,0.022,0.014,0.141,0.195
0.029,0.035,0.2,0.083,0.053
0.054,0.098,0.021,0.063,0.157
0.034,0.019,0.051,0.122,0.35
0.072,0.027,0.114,0.102,0.976
0.112,0.008,0.091,0.065,0.956
0.051,0.102,0.047,0.06,0.994
0.05,0.102,0.057,0.054,0.938
0.029,0.042,0.105,0.076,0.863
0.032,0.022,0.014,0.141,0.195
0.116,0.0,0.077,0.063,0.053
0.018,0.019,0.035,0.03,0.156
0.041,0.03,0.052,0.076,0.347
0.082,0.053,0.056,0.045,0.961
0.112,0.008,0.091,0.065,0.956
0.015,0.026,0.052,0.037,0.986
0.059,0.026,0.059,0.038,0.929
0.04,0.049,0.076,0.054,0.852
0.106,0.103,0.033,0.042,0.191
0.116,0.0,0.077,0.063,0.053
0.001,0.2,0.049,0.009,0.155
0.049,0.042,0.054,0.048,0.343
0.082,0.053,0.056,0.045,0.961
0.01,0.108,0.036,0.048,0.938
0.015,0.026,0.052,0.037,0.986
0.059,0.026,0.059,0.038,0.929
0.05,0.055,0.058,0.042,0.84
0.032,0.028,0.047,0.02,0.189
0.047,0.009,0.04,0.057,0.053
0.002,0.141,0.062,0.001,0.154
0.056,0.052,0.057,0.033,0.339
0.088,0.067,0.039,0.028,0.938
0.01,0.108,0.036,0.048,0.938
0.124,0.105,0.062,0.02,0.964
0.071,0.106,0.065,0.032,0.906
0.058,0.06,0.05,0.039,0.827
0.032,0.028,0.047,0.02,0.189
0.017,0.025,0.025,0.056,0.053
0.002,0.141,0.062,0.001,0.154
0.061,0.06,0.061,0.029,0.335
0.005,0.07,0.042,0.031,0.925
0.126,0.005,0.032,0.05,0.913
0.059,0.031,0.067,0.024,0.951
0.073,0.032,0.068,0.037,0.893
0.067,0.066,0.052,0.046,0.801
0.107,0.106,0.07,0.011,0.185
0.012,0.041,0.024,0.058,0.053
0.015,0.085,0.072,0.003,0.153
0.066,0.068,0.068,0.038,0.327
0.005,0.07,0.042,0.031,0.925
0.126,0.005,0.032,0.05,0.913
0.059,0.031,0.067,0.024,0.951
0.073,0.032,0.068,0.037,0.893
0.067,0.066,0.052,0.046,0.801
0.034,0.032,0.076,0.018,0.183
0.02,0.054,0.031,0.062,0.053
0.031,0.054,0.077,0.011,0.152
0.066,0.068,0.068,0.038,0.327
0.101,0.071,0.056,0.046,0.897
0.031,0.127,0.049,0.06,0.885
0.003,0.107,0.073,0.041,0.923
0.07,0.105,0.07,0.052,0.865
0.068,0.066,0.061,0.059,0.775
0.034,0.032,0.076,0.018,0.183
0.044,0.066,0.05,0.069,0.053
0.046,0.041,0.079,0.022,0.151
0.066,0.068,0.07,0.053,0.319
0.023,0.068,0.063,0.054,0.883
0.014,0.062,0.058,0.065,0.871
0.005,0.032,0.073,0.05,0.909
0.066,0.03,0.069,0.057,0.851
0.066,0.065,0.064,0.063,0.762
0.105,0.105,0.078,0.036,0.179
0.055,0.067,0.058,0.07,0.053
0.056,0.038,0.078,0.033,0.15
0.065,0.065,0.069,0.058,0.315
0.023,0.068,0.063,0.054,0.883
0.012,0.017,0.065,0.068,0.857
0.005,0.032,0.073,0.05,0.909
0.066,0.03,0.069,0.057,0.851
0.064,0.064,0.066,0.065,0.749
0.03,0.03,0.075,0.044,0.177
0.055,0.067,0.058,0.07,0.053
0.062,0.041,0.075,0.041,0.149
0.065,0.065,0.069,0.058,0.315
0.103,0.063,0.07,0.063,0.855
0.012,0.017,0.065,0.068,0.857
0.018,0.2,0.071,0.057,0.895
0.06,0.105,0.065,0.063,0.823
0.062,0.063,0.067,0.066,0.736
0.03,0.03,0.075,0.044,0.177
0.068,0.066,0.067,0.069,0.053
0.065,0.047,0.071,0.047,0.148
0.063,0.061,0.065,0.062,0.307
0.027,0.061,0.07,0.065,0.841
0.032,0.119,0.072,0.069,0.829
0.046,0.05,0.067,0.063,0.867
0.059,0.03,0.063,0.064,0.809
0.062,0.063,0.067,0.066,0.736
0.105,0.105,0.068,0.056,0.173
0.068,0.066,0.067,0.069,0.053
0.066,0.053,0.068,0.051,0.147
0.063,0.061,0.065,0.062,0.307
0.027,0.061,0.07,0.065,0.841
0.046,0.051,0.072,0.068,0.815
0.058,0.014,0.065,0.064,0.853
0.059,0.03,0.063,0.064,0.809
0.061,0.062,0.066,0.065,0.71
0.03,0.03,0.065,0.06,0.171
0.069,0.064,0.068,0.065,0.053
0.066,0.058,0.066,0.054,0.146
0.062,0.06,0.062,0.062,0.299
0.105,0.06,0.067,0.066,0.813
0.059,0.006,0.071,0.066,0.801
0.058,0.014,0.065,0.064,0.853
0.06,0.105,0.062,0.063,0.781
0.061,0.062,0.065,0.064,0.697
0.03,0.03,0.065,0.06,0.171
0.067,0.063,0.067,0.063,0.053
0.064,0.063,0.063,0.057,0.144
0.062,0.06,0.061,0.062,0.295
0.03,0.06,0.065,0.065,0.799
0.059,0.006,0.071,0.066,0.801
0.07,0.123,0.062,0.063,0.825
0.061,0.03,0.062,0.062,0.767
0.061,0.062,0.065,0.064,0.697
0.105,0.105,0.062,0.064,0.167
0.067,0.063,0.067,0.063,0.053
0.064,0.063,0.063,0.057,0.144
0.062,0.06,0.061,0.062,0.295
0.03,0.06,0.065,0.065,0.799
0.073,0.118,0.067,0.062,0.773
0.071,0.057,0.061,0.062,0.811
0.061,0.03,0.062,0.062,0.767
0.061,0.062,0.064,0.063,0.684
0.03,0.03,0.061,0.064,0.165
0.065,0.062,0.066,0.061,0.053
0.063,0.064,0.062,0.058,0.143
0.062,0.06,0.061,0.062,0.291
0.105,0.06,0.062,0.063,0.771
0.074,0.05,0.065,0.06,0.759
0.07,0.012,0.061,0.061,0.797
0.062,0.105,0.062,0.06,0.739
0.061,0.062,0.062,0.061,0.66
0.03,0.03,0.061,0.064,0.165
0.062,0.062,0.064,0.059,0.053
0.062,0.064,0.062,0.059,0.141
0.062,0.06,0.061,0.062,0.283
0.03,0.06,0.061,0.062,0.757
0.072,0.005,0.063,0.058,0.745
0.07,0.012,0.061,0.061,0.797
0.062,0.03,0.062,0.059,0.726
0.061,0.062,0.061,0.06,0.648
0.105,0.105,0.061,0.062,0.161
0.061,0.062,0.063,0.058,0.053
0.062,0.064,0.062,0.059,0.14
0.062,0.06,0.061,0.062,0.279
0.03,0.06,0.061,0.062,0.757
0.072,0.005,0.063,0.058,0.745
0.066,0.118,0.061,0.059,0.769
0.062,0.03,0.062,0.059,0.726
0.061,0.062,0.061,0.06,0.648
0.03,0.03,0.061,0.061,0.159
0.061,0.062,0.063,0.058,0.053
0.062,0.064,0.062,0.059,0.14
0.062,0.06,0.061,0.062,0.279
0.105,0.06,0.061,0.06,0.73
0.066,0.118,0.062,0.057,0.719
0.064,0.05,0.061,0.058,0.755
0.062,0.105,0.062,0.057,0.7
0.061,0.062,0.061,0.058,0.624
0.03,0.03,0.061,0.061,0.159
0.06,0.062,0.062,0.057,0.053
0.062,0.064,0.062,0.059,0.138
0.062,0.06,0.061,0.062,0.271
0.03,0.06,0.061,0.059,0.717
0.063,0.05,0.062,0.057,0.706
0.062,0.005,0.061,0.057,0.741
0.062,0.03,0.062,0.056,0.687
0.061,0.062,0.061,0.057,0.613
0.105,0.105,0.061,0.059,0.155
0.06,0.062,0.062,0.057,0.053
0.062,0.064,0.062,0.059,0.137
0.062,0.06,0.061,0.062,0.267
0.03,0.06,0.061,0.059,0.717
0.061,0.005,0.062,0.057,0.693
0.062,0.005,0.061,0.057,0.741
0.062,0.03,0.062,0.056,0.687
0.061,0.062,0.061,0.057,0.613
0.03,0.03,0.061,0.058,0.153
0.06,0.062,0.062,0.057,0.053
0.062,0.064,0.062,0.059,0.137
0.062,0.06,0.061,0.062,0.267
0.105,0.06,0.061,0.057,0.691
0.061,0.005,0.062,0.057,0.693
0.061,0.118,0.061,0.056,0.715
0.062,0.105,0.062,0.055,0.663
0.061,0.062,0.061,0.056,0.591
0.03,0.03,0.061,0.058,0.153
0.06,0.062,0.062,0.057,0.053
0.062,0.064,0.062,0.059,0.135
0.062,0.06,0.061,0.062,0.259
0.03,0.06,0.061,0.056,0.678
0.06,0.118,0.062,0.057,0.668
0.061,0.05,0.061,0.056,0.702
0.062,0.03,0.062,0.055,0.651
0.061,0.062,0.061,0.056,0.591
0.105,0.105,0.061,0.057,0.149
0.06,0.062,0.062,0.057,0.053
0.062,0.064,0.062,0.059,0.135
0.062,0.06,0.061,0.062,0.259
0.03,0.06,0.061,0.056,0.678
0.06,0.05,0.062,0.057,0.656
0.061,0.005,0.061,0.056,0.689
0.062,0.03,0.062,0.055,0.651
0.061,0.062,0.061,0.056,0.569
0.03,0.03,0.061,0.057,0.147
0.06,0.062,0.062,0.057,0.053
0.062,0.064,0.062,0.059,0.133
0.062,0.06,0.061,0.062,0.251
0.105,0.06,0.061,0.055,0.654
0.06,0.005,0.062,0.057,0.644
0.061,0.005,0.061,0.056,0.689
0.062,0.105,0.062,0.055,0.627
0.061,0.062,0.061,0.056,0.558
0.03,0.03,0.061,0.057,0.147
0.06,0.062,0.062,0.057,0.053
0.062,0.064,0.062,0.059,0.132
0.062,0.06,0.061,0.062,0.247
0.03,0.06,0.061,0.055,0.642
0.06,0.005,0.062,0.057,0.644
0.061,0.118,0.061,0.056,0.664
0.062,0.03,0.062,0.055,0.616
0.061,0.062,0.061,0.056,0.558
0.105,0.105,0.061,0.057,0.143
0.06,0.062,0.062,0.057,0.053
0.062,0.064,0.062,0.059,0.132
0.062,0.06,0.061,0.062,0.247
0.03,0.06,0.061,0.055,0.642
0.06,0.118,0.062,0.057,0.62
0.061,0.05,0.061,0.056,0.652
0.062,0.03,0.062,0.055,0.616
0.061,0.062,0.061,0.056,0.548
0.03,0.03,0.061,0.057,0.141
0.06,0.062,0.062,0.057,0.053
0.062,0.064,0.062,0.059,0.131
0.062,0.06,0.061,0.062,0.243
0.105,0.06,0.061,0.055,0.618
0.06,0.05,0.062,0.057,0.609
0.061,0.005,0.061,0.056,0.64
0.062,0.105,0.062,0.055,0.594
0.061,0.062,0.061,0.056,0.528
0.03,0.03,0.061,0.057,0.141
0.06,0.062,0.062,0.057,0.053
0.062,0.064,0.062,0.059,0.129
0.062,0.06,0.061,0.062,0.235
0.03,0.06,0.061,0.055,0.607
0.06,0.005,0.062,0.057,0.598
0.061,0.005,0.061,0.056,0.64
0.062,0.03,0.062,0.055,0.583
0.061,0.062,0.061,0.056,0.518
0.105,0.105,0.061,0.057,0.137
0.06,0.062,0.062,0.057,0.053
0.062,0.064,0.062,0.059,0.128
0.062,0.06,0.061,0.062,0.231
0.03,0.06,0.061,0.055,0.607
0.06,0.005,0.062,0.057,0.598
0.061,0.118,0.061,0.056,0.616
0.062,0.03,0.062,0.055,0.583
0.061,0.062,0.061,0.056,0.518
0.03,0.03,0.061,0.057,0.135
0.06,0.062,0.062,0.057,0.053
0.062,0.064,0.062,0.059,0.128
0.062,0.06,0.061,0.062,0.231
0.105,0.06,0.061,0.055,0.585
0.06,0.118,0.062,0.057,0.576
0.061,0.05,0.061,0.056,0.605
0.062,0.105,0.062,0.055,0.561
0.061,0.062,0.061,0.056,0.498
0.03,0.03,0.061,0.057,0.135
0.06,0.062,0.062,0.057,0.053
0.062,0.064,0.062,0.059,0.126
0.062,0.06,0.061,0.062,0.223
0.03,0.06,0.061,0.055,0.574
0.06,0.05,0.062,0.057,0.565
0.061,0.005,0.061,0.056,0.594
0.062,0.03,0.062,0.055,0.551
0.061,0.062,0.061,0.056,0.489
0.105,0.105,0.061,0.057,0.131
0.06,0.062,0.062,0.057,0.053
0.062,0.064,0.062,0.059,0.125
0.062,0.06,0.061,0.062,0.219
0.03,0.06,0.061,0.055,0.574
0.06,0.005,0.062,0.057,0.555
0.061,0.005,0.061,0.056,0.594
0.062,0.03,0.062,0.055,0.551
0.061,0.062,0.061,0.056,0.489
0.03,0.03,0.061,0.057,0.129
0.06,0.062,0.062,0.057,0.053
0.062,0.064,0.062,0.059,0.125
0.062,0.06,0.061,0.062,0.219
0.105,0.06,0.061,0.055,0.553
0.06,0.005,0.062,0.057,0.555
0.061,0.118,0.061,0.056,0.572
0.062,0.105,0.062,0.055,0.531
0.061,0.062,0.061,0.056,0.471
0.03,0.03,0.061,0.057,0.129
0.06,0.062,0.062,0.057,0.053
0.062,0.064,0.062,0.059,0.123
0.062,0.06,0.061,0.062,0.211
0.03,0.06,0.061,0.055,0.543
0.06,0.118,0.062,0.057,0.535
0.061,0.05,0.061,0.056,0.561
0.062,0.03,0.062,0.055,0.521
0.061,0.062,0.061,0.056,0.471
0.105,0.105,0.061,0.057,0.125
0.06,0.062,0.062,0.057,0.053
0.062,0.064,0.062,0.059,0.123
0.062,0.06,0.061,0.062,0.211
0.03,0.06,0.061,0.055,0.543
0.06,0.05,0.062,0.057,0.525
0.061,0.005,0.061,0.056,0.551
0.062,0.03,0.062,0.055,0.521
0.061,0.062,0.061,0.056,0.453
0.03,0.03,0.061,0.057,0.123
0.06,0.062,0.062,0.057,0.053
0.062,0.064,0.062,0.059,0.121
0.062,0.06,0.061,0.062,0.203
0.105,0.06,0.061,0.055,0.523
0.06,0.005,0.062,0.057,0.515
0.061,0.005,0.061,0.056,0.551
0.062,0.105,0.062,0.055,0.501
0.061,0.062,0.061,0.056,0.444
0.03,0.03,0.061,0.057,0.123
0.06,0.062,0.062,0.057,0.053
0.062,0.064,0.062,0.059,0.12
0.062,0.06,0.061,0.062,0.199
0.03,0.06,0.061,0.055,0.513
0.06,0.005,0.062,0.057,0.515
0.061,0.118,0.061,0.056,0.531
0
2.082
1.299
0.887
0.524
0.489
0.388
0.311
0.284
0.0
1.173
0.851
0.736
0.276
0.58
0.628
1.168
0.95
1.192
1.023
0.914
0.705
0.284
0.606
0.66
1.238
1.002
1.257
1.063
1.011
0.759
0.311
0.661
0.722
1.186
0.983
1.164
1.021
1.006
0.788
0.308
0.646
0.715
1.192
0.984
1.175
1.133
1.054
0.857
0.319
0.662
0.744
1.129
0.937
1.104
1.087
1.084
0.896
0.322
0.654
0.763
1.129
0.931
1.104
1.155
1.18
0.968
0.334
0.586
0.83
0.945
0.759
0.927
0.85
0.993
0.772
0.248
0.709
0.703
1.012
1.078
1.326
1.145
0.942
0.539
0.383
0.602
0.689
0.976
0.834
1.172
0.989
0.88
0.892
0.0
0.0
0.598
1.081
0.857
1.048
0.892
0.91
0.787
0.291
0.604
0.63
1.04
1.198
1.246
1.218
0.984
0.591
0.327
0.518
0.675
1.229
0.967
1.085
1.195
1.055
0.892
0.0
0.354
0.706
1.129
1.25
0.804
1.038
1.088
0.695
0.334
0.23
0.708
1.22
1.024
1.267
1.319
1.184
0.454
0.349
0.126
0.762
1.168
1.425
1.17
1.264
1.226
0.552
0.357
0.227
0.802
0.858
1.138
1.012
1.079
1.171
0.454
0.369
0.338
0.782
1.326
1.423
1.034
1.368
1.225
0.411
0.411
0.435
0.83
1.292
1.282
0.859
1.257
1.188
0.671
0.411
0.479
0.814
1.067
1.053
0.814
1.076
1.149
0.601
0.41
0.499
0.791
1.366
0.877
1.13
1.305
1.145
0.483
0.416
0.529
0.792
1.265
1.19
1.157
1.194
1.111
0.752
0.409
0.536
0.77
1.05
1.163
1.097
1.076
1.126
0.684
0.417
0.563
0.781
1.372
1.133
1.019
1.286
1.11
0.526
0.409
0.568
0.774
1.253
0.927
1.336
1.151
1.055
0.781
0.388
0.55
0.741
1.022
1.263
1.218
1.047
1.083
0.704
0.397
0.574
0.768
1.325
1.234
1.162
1.311
1.122
0.557
0.411
0.603
0.801
1.269
1.167
1.029
1.173
1.07
0.811
0.394
0.581
0.77
1.036
0.878
1.292
1.024
1.055
0.696
0.392
0.579
0.766
1.292
1.241
1.207
1.288
1.1
0.551
0.41
0.61
0.804
1.244
1.228
1.151
1.191
1.085
0.83
0.41
0.608
0.798
1.052
1.113
0.901
1.035
1.067
0.709
0.408
0.604
0.792
1.307
0.872
1.272
1.255
1.073
0.541
0.416
0.613
0.801
1.215
1.269
1.222
1.167
1.062
0.814
0.414
0.61
0.794
1.023
1.194
1.112
1.065
1.097
0.729
0.431
0.633
0.822
1.327
1.132
0.914
1.272
1.085
0.548
0.43
0.629
0.814
1.214
0.893
1.304
1.146
1.042
0.804
0.416
0.607
0.783
1.0
1.235
1.19
1.042
1.072
0.718
0.431
0.627
0.806
1.299
1.205
1.123
1.3
1.108
0.562
0.45
0.65
0.835
1.241
1.145
0.925
1.159
1.054
0.816
0.43
0.621
0.794
1.01
0.866
1.266
1.018
1.047
0.705
0.43
0.62
0.789
1.269
1.241
1.195
1.278
1.089
0.556
0.452
0.649
0.821
1.219
1.225
1.142
1.181
1.074
0.835
0.448
0.642
0.81
1.03
1.109
0.897
1.034
1.063
0.719
0.447
0.637
0.802
1.289
0.874
1.279
1.25
1.066
0.546
0.451
0.642
0.805
1.194
1.263
1.217
1.161
1.055
0.825
0.451
0.638
0.796
1.013
1.189
1.107
1.061
1.091
0.739
0.469
0.663
0.824
1.323
1.128
0.911
1.266
1.08
0.555
0.468
0.659
0.814
1.209
0.889
1.299
1.141
1.036
0.814
0.453
0.635
0.782
0.995
1.23
1.185
0
0.0
0.276
0.284
0.311
0.308
0.319
0.322
0.334
0.248
0.383
0.0
0.291
0.327
0.0
0.23
0.126
0.227
0.338
0.411
0.411
0.41
0.416
0.409
0.417
0.409
0.388
0.397
0.411
0.394
0.392
0.41
0.41
0.408
0.416
0.414
0.431
0.43
0.416
0.431
0.45
0.43
0.43
0.452
0.448
0.447
0.451
0.451
0.469
0.468
0.453
C1,C2,C3,C4,C5
0.062,0.062,0.063,0.058,0.007
    Solución ideal
0.073
0.103
0.061
0.057
0.332
    Índice de similitud
1.141
1.036
0.814
0.453
0.635
0.782
0.995
1.23
1.185
Índice de similitud
0.453
0.635
0.782
0.814
0.995
1.036
1.141
1.185
1.23
Índice de similitud,Ranking
0.0,8
0.284,7
0.311,6
0.388,5
0.489,4
0.524,3
0.887,2
1.299,1
2.082,0
